cable_id,cx,cy,section_mm2,conductor_material,current_A
1,-0.30000,-0.68268,95,cu,150
2,-0.31500,-0.70866,95,cu,150
3,-0.28500,-0.70866,95,cu,150
4,0.00000,-0.68268,95,cu,150
5,-0.01500,-0.70866,95,cu,150
6,0.01500,-0.70866,95,cu,150
7,0.30000,-0.68268,95,cu,150
8,0.28500,-0.70866,95,cu,150
9,0.31500,-0.70866,95,cu,150
