cable_id,cx,cy
1,0.00000,-0.68268
2,-0.01500,-0.70866
3,0.01500,-0.70866
