layer_name,r_inner,r_outer,k,rho_c,Q
conductor,0.0,0.01885,400.0,3.45e6,0.0
xlpe,0.01885,0.04085,0.2857,1.9e6,0.0
screen,0.04085,0.04935,384.6,3.4e6,0.0
sheath,0.04935,0.05335,0.45,1.9e6,0.0
