case,run,mode,seed,variant,width,depth,parameters,seconds,sampling,adam,lbfgs,n_interior,electrical_weight,limit_weight,Tmax_C,Tmax_fem_C,rmse_fem_K,nrmse_fem_pct,max_error_fem_K,error_Tmax_K,error_Tmax_rise_pct,balance_pct,pde_rmse_W_m3,thermal_criteria_pass,rmse_exact_K,current_A,current_fem_A,error_current_pct,electrical_residual_pct,temperature_limit_error_K,ampacity_criteria_pass,path
aras_flat,ampacity_final/aras_flat,ampacity,11,multipole,32,3,2263,237.19506019999972,fixed,1200,1600,1529,100.0,100.0,89.98637597614001,89.99990394829503,0.019304036900222275,0.027577233412321645,0.08475389849117931,-0.013527972155017665,0.019325701025261426,0.003048436552197998,0.08149292812220023,True,,1495.1043362696228,1495.235767364502,0.008789991367774697,0.004330421616965914,0.01362402385998962,True,Benchmarks/ampacity_final/aras_flat/pinn_seed11.json
aras_flat,ampacity_final/aras_flat,ampacity,23,multipole,32,3,2263,238.6085868999944,fixed,1200,1600,1530,100.0,100.0,89.98607888562924,89.99990394829503,0.016912471206522332,0.024160706304703815,0.09906502496957614,-0.013825062665787868,0.019750116623016598,0.0036457459692552895,0.0885378479223309,True,,1495.0070257870952,1495.235767364502,0.01529802740137809,0.004420085568341085,0.013921114370759824,True,Benchmarks/ampacity_final/aras_flat/pinn_seed23.json
aras_flat,ampacity_final/aras_flat,ampacity,37,multipole,32,3,2263,232.16330989998823,fixed,1200,1600,1532,100.0,100.0,89.98650542389026,89.99990394829503,0.02440184490882394,0.03485982627468775,0.10762744514475386,-0.013398524404763634,0.019140775414006807,0.0047216837833536,0.0848524317056181,True,,1494.9810128412466,1495.235767364502,0.017037749418225,0.004456595483078852,0.01349457610973559,True,Benchmarks/ampacity_final/aras_flat/pinn_seed37.json
aras_single,ampacity_final/aras_single,ampacity,11,multipole,32,3,2249,198.2218944000051,fixed,1200,1600,1536,100.0,100.0,89.97859523444035,89.99998044959052,0.008295381667002623,0.011850548548333412,0.04096685936819,-0.02138521515017544,0.030550315889838992,0.002715512224476953,0.03696812987034567,True,,1870.2141732045359,1870.498101234436,0.01517927389035334,0.006583314391848848,0.02140476555965165,True,Benchmarks/ampacity_final/aras_single/pinn_seed11.json
aras_single,ampacity_final/aras_single,ampacity,23,multipole,32,3,2249,227.415213699991,fixed,1200,1600,1536,100.0,100.0,89.97858862090396,89.99998044959052,0.01056007501179522,0.015085825658765584,0.046404032076583945,-0.021391828686560643,0.03055976380159943,0.002804267945144246,0.03829548091904134,True,,1870.2506237900498,1870.498101234436,0.013230563785282534,0.006600387912858155,0.021411379096036853,True,Benchmarks/ampacity_final/aras_single/pinn_seed23.json
aras_single,ampacity_final/aras_single,ampacity,37,multipole,32,3,2249,199.84674530000484,fixed,1200,1600,1536,100.0,100.0,89.97853402859774,89.99998044959052,0.011219082497954735,0.016027265187643868,0.05022011583155006,-0.021446420992788262,0.030637752832277706,0.002543110123872067,0.032009893611378126,True,,1870.2287900897163,1870.498101234436,0.014397830425061375,0.006599116826401864,0.021465971402264472,True,Benchmarks/ampacity_final/aras_single/pinn_seed37.json
kim_layered,ampacity_final/kim_layered,ampacity,11,multipole,32,3,2284,350.38113750000775,fixed,1200,1600,2243,100.0,100.0,89.70362810197558,90.0000839686994,2.140292079830026,3.0575564463423492,5.319963389091328,-0.29645586672381796,0.4235078730139502,0.08071888833794494,8.215125865747023,False,,1405.552127995318,1453.1353569030762,3.2745214464513284,0.10917359637446734,0.2963718980244181,False,Benchmarks/ampacity_final/kim_layered/pinn_seed11.json
kim_layered,ampacity_final/kim_layered,ampacity,23,multipole,32,3,2284,354.1824549999874,fixed,1200,1600,2242,100.0,100.0,89.62515581440931,90.0000839686994,2.2050785091990104,3.150108377277109,4.4555661858889835,-0.37492815429008886,0.5356110064921327,0.1818443034924209,8.286649277924118,True,,1414.2789163043617,1453.1353569030762,2.6739725528064584,0.01843758657758363,0.374844185590689,False,Benchmarks/ampacity_final/kim_layered/pinn_seed23.json
kim_layered,ampacity_final/kim_layered,ampacity,37,multipole,32,3,2284,346.1842667999881,fixed,1200,1600,2233,100.0,100.0,89.70668027866348,90.0000839686994,2.024378814343639,2.8919662657102556,5.221662280924988,-0.29340369003591604,0.4191476258330087,0.005134324111941498,8.31971412927743,True,,1414.305535942473,1453.1353569030762,2.672140676788526,0.06604273571874458,0.2933197213365162,False,Benchmarks/ampacity_final/kim_layered/pinn_seed37.json
kim_pac,ampacity_final/kim_pac,ampacity,11,multipole,32,3,2284,376.5355794000061,fixed,1200,1600,2243,100.0,100.0,89.5532205086339,89.99993255281976,2.278466475339138,3.2549552438780975,4.89910319193616,-0.4467120441858583,0.6381606780103444,0.12126148557232799,8.424739328759214,False,,1369.9055207858678,1418.6384239196777,3.4351884392896714,0.12830720197727405,0.44677949136610096,False,Benchmarks/ampacity_final/kim_pac/pinn_seed11.json
kim_pac,ampacity_final/kim_pac,ampacity,23,multipole,32,3,2284,389.56984919999377,fixed,1200,1600,2242,100.0,100.0,89.73496102008063,89.99993255281976,2.633316945099949,3.7618849748361267,5.907633091183321,-0.2649715327391249,0.3785311257824222,0.28966119756978487,9.180395418701227,False,,1377.0936849043417,1418.6384239196777,2.928493851206182,0.14372921379420014,0.26503897991936753,False,Benchmarks/ampacity_final/kim_pac/pinn_seed23.json
kim_pac,ampacity_final/kim_pac,ampacity,37,multipole,32,3,2284,390.04416570000467,fixed,1200,1600,2233,100.0,100.0,89.91782233108549,89.99993255281976,1.5352668614634448,2.193240486774727,4.0093538930300845,-0.08211022173426841,0.11730042978585815,0.11481661272849525,7.386789129295799,True,,1403.1068800685837,1418.6384239196777,1.0948204693469799,0.028361944276370763,0.08217766891451106,True,Benchmarks/ampacity_final/kim_pac/pinn_seed37.json
kim_sand,ampacity_final/kim_sand,ampacity,11,multipole,32,3,2284,332.6785184999899,fixed,1200,1600,1504,100.0,100.0,89.97235873585177,90.00004676459918,0.16221711415376153,0.23173857968877656,0.37159669937934225,-0.027688028747405724,0.039554300357136724,0.006918681575904545,0.41913624497081653,True,,1353.9383054846123,1357.7560729980469,0.28118213494744415,0.005242938677689195,0.02764126414822954,True,Benchmarks/ampacity_final/kim_sand/pinn_seed11.json
kim_sand,ampacity_final/kim_sand,ampacity,23,multipole,32,3,2284,305.571792799994,fixed,1200,1600,1502,100.0,100.0,89.97278335286418,90.00004676459918,0.13491334914187242,0.1927332271585018,0.3148263144640495,-0.02726341173499236,0.03894770503036316,0.010475258160152474,0.38989709475303985,True,,1354.7732439754604,1357.7560729980469,0.21968813705984802,0.004604745511999236,0.027216647135816174,True,Benchmarks/ampacity_final/kim_sand/pinn_seed23.json
kim_sand,ampacity_final/kim_sand,ampacity,37,multipole,32,3,2284,293.2673245000042,fixed,1200,1600,1492,100.0,100.0,89.97129295635654,90.00004676459918,0.16550013715948142,0.2364286094208427,0.33764982586016856,-0.028753808242640844,0.04107684147602939,0.0049976602590487765,0.4618191017841041,True,,1353.7539147100376,1357.7560729980469,0.2947626873192388,0.006043325455029366,0.028707043643464658,True,Benchmarks/ampacity_final/kim_sand/pinn_seed37.json
xlpe_backfill,ampacity_final/xlpe_backfill,ampacity,11,multipole,32,3,2249,240.39925099999527,fixed,1200,1600,2283,100.0,100.0,89.64002913517683,90.0000074575771,2.572460391291838,3.67494302461447,14.57507471626144,-0.3599783224002664,0.5142546914990376,0.0014601969865057902,6.1451081608051,True,,515.0873660445974,543.9046096801758,5.298216474488671,0.0048336746181900985,0.3599708648231683,False,Benchmarks/ampacity_final/xlpe_backfill/pinn_seed11.json
xlpe_backfill,ampacity_final/xlpe_backfill,ampacity,23,multipole,32,3,2249,243.47154959999898,fixed,1200,1600,2291,100.0,100.0,89.86035934581852,90.0000074575771,1.1313961883649042,1.6162800968993853,2.7077769640610967,-0.13964811175857506,0.199497281258445,0.0025102911370466197,3.870671310762448,True,,534.7875825484691,543.9046096801758,1.6762180296776008,0.005474891384204595,0.13964065418147698,False,Benchmarks/ampacity_final/xlpe_backfill/pinn_seed23.json
xlpe_backfill,ampacity_final/xlpe_backfill,ampacity,37,multipole,32,3,2249,286.3443830000033,fixed,1200,1600,2285,100.0,100.0,89.79263867202417,90.0000074575771,1.3764545718352466,1.9663634645602501,8.200599241762003,-0.20736878555293004,0.296241090657889,0.033565903022797154,5.080540449230144,True,,527.1322501849984,543.9046096801758,3.083695044437995,0.0037631985643005322,0.20736132797583195,False,Benchmarks/ampacity_final/xlpe_backfill/pinn_seed37.json
xlpe_discrete_layers,ampacity_final/xlpe_discrete_layers,ampacity,11,multipole,32,3,4490,453.8974487000087,fixed,1200,1600,1515,100.0,100.0,89.98004070545954,89.99999687707152,0.13098703669783487,0.18712434648799198,1.342836001801686,-0.019956171611980267,0.028508817860414655,0.0007530444131142724,0.2809061295268345,True,,479.2720858157194,479.8895072937012,0.12865909101944517,0.004699522550829814,0.019959294540456085,True,Benchmarks/ampacity_final/xlpe_discrete_layers/pinn_seed11.json
xlpe_discrete_layers,ampacity_final/xlpe_discrete_layers,ampacity,23,multipole,32,3,4490,455.692835400012,fixed,1200,1600,1523,100.0,100.0,89.98500341212281,89.99999687707152,0.10012141013925255,0.1430305922942795,1.1704691190403835,-0.01499346494871645,0.021419236596605558,0.001679636284104896,0.31747287680712816,True,,479.52334609276886,479.8895072937012,0.0763011475281572,0.005370140117740692,0.014996587877192269,True,Benchmarks/ampacity_final/xlpe_discrete_layers/pinn_seed23.json
xlpe_discrete_layers,ampacity_final/xlpe_discrete_layers,ampacity,37,multipole,32,3,4490,459.362094600001,fixed,1200,1600,1517,100.0,100.0,89.98507089361776,89.99999687707152,0.11309277172351544,0.16156110966993334,1.2059387937905157,-0.014925983453764502,0.021322834456659102,0.0021441154318369185,0.26385895776460405,True,,479.4061399351645,479.8895072937012,0.10072471916766634,0.006081578039798658,0.01492910638224032,True,Benchmarks/ampacity_final/xlpe_discrete_layers/pinn_seed37.json
xlpe_dry_far,ampacity_final/xlpe_dry_far,ampacity,11,multipole,32,3,2249,303.8901700999995,fixed,1200,1600,2283,100.0,100.0,89.96937921812132,89.99991250702654,0.4309851109875546,0.6156937852519353,2.3500421770995246,-0.030533288905218114,0.04361903866973149,0.014133892129901283,1.2884763237677677,True,,487.34693569559636,486.7037773132324,0.13214575525062333,0.007415333665994361,0.03062078187868167,True,Benchmarks/ampacity_final/xlpe_dry_far/pinn_seed11.json
xlpe_dry_far,ampacity_final/xlpe_dry_far,ampacity,23,multipole,32,3,2249,366.0980535999988,fixed,1200,1600,2291,100.0,100.0,89.96576924624058,89.99991250702654,0.40052577783698357,0.5721803977923244,2.448195826822161,-0.03414326078595309,0.048776147802364486,0.0006428338880725173,1.228228548858492,True,,488.3916991535508,486.7037773132324,0.34680680919230156,0.005022426092654028,0.03423075375941664,True,Benchmarks/ampacity_final/xlpe_dry_far/pinn_seed23.json
xlpe_dry_far,ampacity_final/xlpe_dry_far,ampacity,37,multipole,32,3,2249,361.8559763000085,fixed,1200,1600,2285,100.0,100.0,89.9673016592932,89.99991250702654,0.4668919237054629,0.6669892961060438,2.7760570069466084,-0.03261084773333778,0.04658698356239278,0.001476985569038153,1.2615635477959932,True,,487.03953447234306,486.7037773132324,0.06898593657196361,0.005822487546802356,0.03269834070680133,True,Benchmarks/ampacity_final/xlpe_dry_far/pinn_seed37.json
xlpe_dry_large,ampacity_final/xlpe_dry_large,ampacity,11,multipole,32,3,2249,363.43174289999297,fixed,1200,1600,2283,100.0,100.0,89.88972038702023,89.99997279875568,1.6267612153012116,2.3239454963475774,5.486363397796131,-0.11025241173544487,0.15750350654051215,0.006393147887075394,3.9057452829365693,True,,402.12954616561467,401.2225914001465,0.22604778118380242,0.003791555543779293,0.11027961297976674,False,Benchmarks/ampacity_final/xlpe_dry_large/pinn_seed11.json
xlpe_dry_large,ampacity_final/xlpe_dry_large,ampacity,23,multipole,32,3,2249,347.9572107999993,fixed,1200,1600,2291,100.0,100.0,89.95414338955399,89.99997279875568,0.2919496525052717,0.41707109421971295,1.0339675426751818,-0.0458294092016871,0.06547061001501098,0.028901279158955705,1.431460048502962,True,,400.54898859749346,401.2225914001465,0.16788755595799065,0.007116855526345394,0.04585661044600897,True,Benchmarks/ampacity_final/xlpe_dry_large/pinn_seed23.json
xlpe_dry_large,ampacity_final/xlpe_dry_large,ampacity,37,multipole,32,3,2249,215.80800170000293,fixed,1200,1600,2285,100.0,100.0,89.96683517697024,89.99997279875568,0.3274441640992412,0.4677775590579399,1.4696733475430506,-0.03313762178544266,0.047339478089099656,0.0065863118683287605,1.9625016402217432,True,,400.4903202265799,401.2225914001465,0.18250995563613426,0.006149154276219115,0.033164823029764534,True,Benchmarks/ampacity_final/xlpe_dry_large/pinn_seed37.json
xlpe_dry_near,ampacity_final/xlpe_dry_near,ampacity,11,multipole,32,3,2249,233.5590280000033,fixed,1200,1600,2283,100.0,100.0,89.92040915987388,90.00000238783335,0.4178955471896178,0.5969936184777216,2.7496347475386536,-0.07959322795946377,0.11370460749198177,0.017891481921628316,1.753125577519302,True,,414.4285720815845,418.27526092529297,0.9196548787511305,0.005216435567816459,0.07959084012611584,True,Benchmarks/ampacity_final/xlpe_dry_near/pinn_seed11.json
xlpe_dry_near,ampacity_final/xlpe_dry_near,ampacity,23,multipole,32,3,2249,212.5808096999972,fixed,1200,1600,2291,100.0,100.0,89.97087002984179,90.00000238783335,0.10908703136831005,0.15583861092449103,0.3518214904263459,-0.029132357991557,0.04161765285399544,0.00497795054018548,0.8346865558512104,True,,418.2796753703351,418.27526092529297,0.0010553923347922378,0.00463049867290519,0.029129970158209062,True,Benchmarks/ampacity_final/xlpe_dry_near/pinn_seed23.json
xlpe_dry_near,ampacity_final/xlpe_dry_near,ampacity,37,multipole,32,3,2249,216.52403200000117,fixed,1200,1600,2285,100.0,100.0,89.96150829213441,90.00000238783335,0.11089148936627372,0.15841640797650555,0.369467590820328,-0.0384940956989368,0.05499156340832845,0.0018517722072418363,0.8733707670971221,True,,417.6817211974047,418.27526092529297,0.1419017052491256,0.012483771177398085,0.038491707865588864,True,Benchmarks/ampacity_final/xlpe_dry_near/pinn_seed37.json
xlpe_single,ampacity_final/xlpe_single,ampacity,11,multipole,32,3,2249,129.96375680000347,fixed,1200,1600,1515,100.0,100.0,89.9814358935113,90.00008168738654,0.010598538605762209,0.015140751768111124,0.04041717654625643,-0.018645793875236905,0.026636817309024268,0.0014161601131778808,0.04813402665302045,True,,487.1552095578017,487.22700119018555,0.014734740112609668,0.005714880567201186,0.018564106488696552,True,Benchmarks/ampacity_final/xlpe_single/pinn_seed11.json
xlpe_single,ampacity_final/xlpe_single,ampacity,23,multipole,32,3,2249,117.11020490000374,fixed,1200,1600,1523,100.0,100.0,89.98170559842889,90.00008168738654,0.008620674885175518,0.01231523546454503,0.02454960855547128,-0.01837608895765186,0.02625152501923878,0.0015900767674615773,0.03891281952945809,True,,487.16800928441444,487.22700119018555,0.012107684021411824,0.005768916138535524,0.018294401571111507,True,Benchmarks/ampacity_final/xlpe_single/pinn_seed23.json
xlpe_single,ampacity_final/xlpe_single,ampacity,37,multipole,32,3,2249,113.00331050000386,fixed,1200,1600,1517,100.0,100.0,89.98130614075649,90.00008168738654,0.013591351903668938,0.01941619434726744,0.039433105602320495,-0.018775546630052986,0.02682217817102375,0.0015002582918400467,0.041716203977024045,True,,487.1246064594148,487.22700119018555,0.021015816143321597,0.005755257161627283,0.018693859243512634,True,Benchmarks/ampacity_final/xlpe_single/pinn_seed37.json
xlpe_single,ampacity_pilot/xlpe_single,ampacity,5,multipole,32,3,2249,108.23380679999536,fixed,1200,1600,1516,100.0,100.0,89.98142035600476,90.00008168738654,0.010891163414351483,0.015558786721121763,0.03550250459062809,-0.018661331381778723,0.026659013721038766,0.0015163721864436446,0.042248785537253065,True,,487.1276459106847,487.22700119018555,0.020391989618417927,0.005724063899227922,0.01857964399523837,True,Benchmarks/ampacity_pilot/xlpe_single/pinn_seed5.json
xlpe_backfill,comparisons/adaptive_ampacity_gradient/xlpe_backfill,ampacity,11,multipole,32,3,2249,167.14187970000785,gradient,1200,1600,2283,1000.0,1000.0,89.96180663279128,90.0000074575771,1.6528354699247725,2.361193276909948,7.056085002688292,-0.0382008247858181,0.05457260102289186,0.013228280684375001,6.247572037707047,True,,527.0562646206487,543.9046096801758,3.097665428765939,0.004804779008068477,0.03819336720872002,True,Benchmarks/comparisons/adaptive_ampacity_gradient/xlpe_backfill/pinn_seed11.json
xlpe_backfill,comparisons/adaptive_ampacity_gradient/xlpe_backfill,ampacity,23,multipole,32,3,2249,167.21992509999836,gradient,1200,1600,2291,1000.0,1000.0,89.94292047423889,90.0000074575771,2.6694467929472445,3.813495012218448,14.14935692624534,-0.05708698333820905,0.0815528246519204,0.017450401758119682,7.641194036986597,True,,516.4084038479523,543.9046096801758,5.055336053943671,0.002497530369753931,0.05707952576111097,False,Benchmarks/comparisons/adaptive_ampacity_gradient/xlpe_backfill/pinn_seed23.json
xlpe_backfill,comparisons/adaptive_ampacity_gradient/xlpe_backfill,ampacity,37,multipole,32,3,2249,169.77120930000092,gradient,1200,1600,2285,1000.0,1000.0,89.93007666701945,90.0000074575771,5.1757896288718115,7.393984396371036,18.028017838912263,-0.06993079055764895,0.09990111872492285,0.1455038840347258,8.605505008415506,False,,503.0758546179011,543.9046096801758,7.5066021386144595,0.005186702213807985,0.06992333298055087,False,Benchmarks/comparisons/adaptive_ampacity_gradient/xlpe_backfill/pinn_seed37.json
xlpe_backfill,comparisons/adaptive_ampacity_residual/xlpe_backfill,ampacity,11,multipole,32,3,2249,168.93111299999873,residual,1200,1600,2283,1000.0,1000.0,89.97685432743624,90.0000074575771,2.4337031293028875,3.4767183857484762,13.921362032873965,-0.023153130140855183,0.03307589667742098,0.004091980103079094,6.382562483851947,True,,522.8492526391374,543.9046096801758,3.871148849688788,0.008610843780756305,0.023145672563757103,True,Benchmarks/comparisons/adaptive_ampacity_residual/xlpe_backfill/pinn_seed11.json
xlpe_backfill,comparisons/adaptive_ampacity_residual/xlpe_backfill,ampacity,23,multipole,32,3,2249,166.61353289999533,residual,1200,1600,2291,1000.0,1000.0,89.9753866934469,90.0000074575771,1.5056526133505916,2.1509320756331056,3.7148999550773603,-0.024620764130204975,0.03517251643883921,0.013983073872847607,4.720092256649777,True,,538.4590229756913,543.9046096801758,1.0012025284519277,0.003240720398973275,0.024613306553106895,True,Benchmarks/comparisons/adaptive_ampacity_residual/xlpe_backfill/pinn_seed23.json
xlpe_backfill,comparisons/adaptive_ampacity_residual/xlpe_backfill,ampacity,37,multipole,32,3,2249,172.01720220000425,residual,1200,1600,2285,1000.0,1000.0,89.88940231459992,90.0000074575771,6.597814103055288,9.425447714493227,22.28086650615179,-0.11060514297717816,0.1580073302766567,0.013304677014855463,8.789589321184492,False,,487.0636371119957,543.9046096801758,10.450540693450538,0.007572365166258009,0.11059768540008008,False,Benchmarks/comparisons/adaptive_ampacity_residual/xlpe_backfill/pinn_seed37.json
xlpe_backfill,comparisons/adaptive_ampacity_uniform/xlpe_backfill,ampacity,11,multipole,32,3,2249,182.58090990000346,uniform,1200,1600,2283,1000.0,1000.0,89.92642255887779,90.0000074575771,4.10662781357006,5.866610537232937,21.03817676135406,-0.07358489869930906,0.10512127265687016,0.07000377022847294,7.469127162081512,False,,500.428976452425,543.9046096801758,7.993245957837192,0.00709637356790147,0.07357744112221098,False,Benchmarks/comparisons/adaptive_ampacity_uniform/xlpe_backfill/pinn_seed11.json
xlpe_backfill,comparisons/adaptive_ampacity_uniform/xlpe_backfill,ampacity,23,multipole,32,3,2249,182.69685979999485,uniform,1200,1600,2291,1000.0,1000.0,89.94221758768781,90.0000074575771,2.552175941720337,3.6459652425995257,9.10379331518994,-0.05778986988929091,0.08255694818934693,0.00446317414004066,7.5556328719369175,True,,523.4525415765,543.9046096801758,3.7602306984862444,0.008344074139048913,0.05778241231219283,True,Benchmarks/comparisons/adaptive_ampacity_uniform/xlpe_backfill/pinn_seed23.json
xlpe_backfill,comparisons/adaptive_ampacity_uniform/xlpe_backfill,ampacity,37,multipole,32,3,2249,182.96411509999598,uniform,1200,1600,2285,1000.0,1000.0,89.90110283671711,90.0000074575771,6.213565086943168,8.876520607099716,20.127356432460793,-0.09890462085998308,0.14129230046142977,0.016072261705240606,8.450821677757872,False,,491.78815503306845,543.9046096801758,9.58191082030958,0.0020335452326134813,0.098897163282885,False,Benchmarks/comparisons/adaptive_ampacity_uniform/xlpe_backfill/pinn_seed37.json
kim_layered,comparisons/adaptive_nominal_gradient/kim_layered,coupled,11,multipole,32,3,2283,231.01214609999442,gradient,1200,1600,2243,100.0,,49.28936497497633,50.82532735283939,0.5440250455588903,1.7648638060895694,1.5642062497133224,-1.5359623778630578,4.9827934032355925,0.08597466260388979,4.008889519370209,True,,1026.0,,,0.06927156503189903,,,Benchmarks/comparisons/adaptive_nominal_gradient/kim_layered/pinn_seed11.json
kim_layered,comparisons/adaptive_nominal_gradient/kim_layered,coupled,23,multipole,32,3,2283,231.00907169999846,gradient,1200,1600,2242,100.0,,50.22004273774098,50.82532735283939,0.5460444944886635,1.7714150712445433,1.4667522038653047,-0.6052846150984053,1.9635950923410102,0.04851567454379565,5.679297292681983,False,,1026.0,,,0.13478243625613037,,,Benchmarks/comparisons/adaptive_nominal_gradient/kim_layered/pinn_seed23.json
kim_layered,comparisons/adaptive_nominal_gradient/kim_layered,coupled,37,multipole,32,3,2283,231.00340539999888,gradient,1200,1600,2233,100.0,,49.527876735661835,50.82532735283939,0.4174348863833893,1.3541944959910976,1.376990520040195,-1.297450617177553,4.209040839457758,0.24054049127244637,4.229152728290053,False,,1026.0,,,0.10807264887609785,,,Benchmarks/comparisons/adaptive_nominal_gradient/kim_layered/pinn_seed37.json
kim_layered,comparisons/adaptive_nominal_residual/kim_layered,coupled,11,multipole,32,3,2283,226.85348609999346,residual,1200,1600,2243,100.0,,50.15059902926975,50.82532735283939,0.6162404841834346,1.9991368692688718,1.5729822985664406,-0.6747283235696386,2.18887642569508,0.02258801775436968,3.972801408801618,True,,1026.0,,,0.08348755472757352,,,Benchmarks/comparisons/adaptive_nominal_residual/kim_layered/pinn_seed11.json
kim_layered,comparisons/adaptive_nominal_residual/kim_layered,coupled,23,multipole,32,3,2283,224.23072229999525,residual,1200,1600,2242,100.0,,49.038535152500344,50.82532735283939,1.1812264419722445,3.831999668491563,4.224202521769406,-1.7867922003390433,5.79650681365581,0.5863853804083901,6.101045013508698,False,,1026.0,,,0.16022897417001092,,,Benchmarks/comparisons/adaptive_nominal_residual/kim_layered/pinn_seed23.json
kim_layered,comparisons/adaptive_nominal_residual/kim_layered,coupled,37,multipole,32,3,2283,223.97588440000254,residual,1200,1600,2233,100.0,,49.232015542164355,50.82532735283939,0.7053407941924817,2.2881859002464453,2.424496877070876,-1.5933118106750328,5.168839871308842,0.17388797916952417,4.398253196798086,False,,1026.0,,,0.14193128091498683,,,Benchmarks/comparisons/adaptive_nominal_residual/kim_layered/pinn_seed37.json
kim_layered,comparisons/adaptive_nominal_uniform/kim_layered,coupled,11,multipole,32,3,2283,223.0551781999966,uniform,1200,1600,2243,100.0,,49.36376534224981,50.82532735283939,0.5035573865047706,1.6335832568486472,1.5143751837579984,-1.4615620105895744,4.741432244530395,0.1443988833436565,3.923344153200158,True,,1026.0,,,0.06493936573611916,,,Benchmarks/comparisons/adaptive_nominal_uniform/kim_layered/pinn_seed11.json
kim_layered,comparisons/adaptive_nominal_uniform/kim_layered,coupled,23,multipole,32,3,2283,220.87488020000455,uniform,1200,1600,2242,100.0,,49.33278126545291,50.82532735283939,0.7614865139416879,2.470327420128908,1.6665017819446533,-1.4925460873864793,4.841947241312906,0.3850921233609135,5.405173333378159,False,,1026.0,,,0.2025510619610228,,,Benchmarks/comparisons/adaptive_nominal_uniform/kim_layered/pinn_seed23.json
kim_layered,comparisons/adaptive_nominal_uniform/kim_layered,coupled,37,multipole,32,3,2283,218.9904753999872,uniform,1200,1600,2233,100.0,,49.86284489500946,50.82532735283939,0.474241425719775,1.53847977116808,1.0838588519081114,-0.9624824578299283,3.1223754635691545,0.3064865146442933,4.162183872735678,False,,1026.0,,,0.13590015879058942,,,Benchmarks/comparisons/adaptive_nominal_uniform/kim_layered/pinn_seed37.json
kim_layered,comparisons/ampacity_constraints1000/kim_layered,ampacity,11,multipole,32,3,2284,416.2076895000064,fixed,1200,1600,2243,1000.0,1000.0,89.9604427059293,90.0000839686994,4.1410808989510475,5.915822759302311,8.741714149644253,-0.039641262770103936,0.05663030745481614,0.10682954459954709,10.825710986860068,False,,1368.8386770879706,1453.1353569030762,5.801020490944408,0.030950418513067117,0.039557294070704074,False,Benchmarks/comparisons/ampacity_constraints1000/kim_layered/pinn_seed11.json
kim_layered,comparisons/ampacity_constraints1000/kim_layered,ampacity,23,multipole,32,3,2284,419.371144299992,fixed,1200,1600,2242,1000.0,1000.0,89.94285241420462,90.0000839686994,3.0116836913497256,4.3024001124004405,6.291278097285549,-0.057231554494777015,0.08175926548940735,0.21544207400489812,9.43127953547635,True,,1396.168250028851,1453.1353569030762,3.9202890910061905,0.009973675456287237,0.057147585795377154,True,Benchmarks/comparisons/ampacity_constraints1000/kim_layered/pinn_seed23.json
kim_layered,comparisons/ampacity_constraints1000/kim_layered,ampacity,37,multipole,32,3,2284,421.8165669000009,fixed,1200,1600,2233,1000.0,1000.0,89.95333992702498,90.0000839686994,2.5672437200893277,3.6674866293550066,4.757005635404017,-0.04674404167441537,0.0667771222893347,0.025360106397405435,8.606593288676526,True,,1406.851031749216,1453.1353569030762,3.1851351585375665,0.004915391574522288,0.04666007297501551,True,Benchmarks/comparisons/ampacity_constraints1000/kim_layered/pinn_seed37.json
kim_pac,comparisons/ampacity_constraints1000/kim_pac,ampacity,11,multipole,32,3,2284,486.6360147999949,fixed,1200,1600,2243,1000.0,1000.0,89.9391305122862,89.99993255281976,3.6565943063338073,5.223711185113865,8.914317683082324,-0.06080204053355942,0.08686014159753669,0.17434157008116097,9.747935020429086,False,,1343.6397974054369,1418.6384239196777,5.286662566703981,0.009579524848738565,0.06086948771380207,False,Benchmarks/comparisons/ampacity_constraints1000/kim_pac/pinn_seed11.json
kim_pac,comparisons/ampacity_constraints1000/kim_pac,ampacity,23,multipole,32,3,2284,484.0322494000138,fixed,1200,1600,2242,1000.0,1000.0,89.94438017215064,89.99993255281976,3.13424913524835,4.477503078854174,6.993367222427501,-0.05555238066911272,0.07936062027944761,0.2473929638087291,9.203191793755918,True,,1364.8479768513582,1418.6384239196777,3.791695344025525,0.018240728519286195,0.055619827849355374,True,Benchmarks/comparisons/ampacity_constraints1000/kim_pac/pinn_seed23.json
kim_pac,comparisons/ampacity_constraints1000/kim_pac,ampacity,37,multipole,32,3,2284,487.0249463000073,fixed,1200,1600,2233,1000.0,1000.0,89.96200388921713,89.99993255281976,1.9699178396339871,2.8141710538757287,5.539381051903149,-0.03792866360262792,0.0541838573544455,0.0075898028749697265,8.307654640928277,True,,1400.686500500603,1418.6384239196777,1.2654333279281893,0.013978149657204978,0.037996110782870574,True,Benchmarks/comparisons/ampacity_constraints1000/kim_pac/pinn_seed37.json
xlpe_backfill,comparisons/ampacity_constraints1000/xlpe_backfill,ampacity,11,multipole,32,3,2249,125.7605026000092,fixed,1200,1600,2283,1000.0,1000.0,89.89627474348643,90.0000074575771,5.513374102923882,7.87624787935232,21.84260720324862,-0.10373271409066831,0.14818957577045205,0.17918370340608086,9.248711432404953,False,,497.42923759447643,543.9046096801758,8.544765250845654,0.006168646724767189,0.10372525651357023,False,Benchmarks/comparisons/ampacity_constraints1000/xlpe_backfill/pinn_seed11.json
xlpe_backfill,comparisons/ampacity_constraints1000/xlpe_backfill,ampacity,23,multipole,32,3,2249,124.65926810000383,fixed,1200,1600,2291,1000.0,1000.0,89.99747237986071,90.0000074575771,4.001353796230048,5.716219099912288,17.6374179868671,-0.0025350777163879457,0.003621539209012667,0.13939522802557852,7.7933125597250825,False,,502.13177292478764,543.9046096801758,7.680177003822641,0.016100464427281514,0.0025276201392898656,False,Benchmarks/comparisons/ampacity_constraints1000/xlpe_backfill/pinn_seed23.json
xlpe_backfill,comparisons/ampacity_constraints1000/xlpe_backfill,ampacity,37,multipole,32,3,2249,125.6717656999972,fixed,1200,1600,2285,1000.0,1000.0,89.92843320437997,90.0000074575771,3.9627775187311465,5.661110137927848,20.349205134697186,-0.07157425319712729,0.10224892224547869,0.03163073730213438,7.588925423657487,False,,503.4362146259324,543.9046096801758,7.440347872403475,0.00529422851875563,0.07156679562002921,False,Benchmarks/comparisons/ampacity_constraints1000/xlpe_backfill/pinn_seed37.json
xlpe_dry_large,comparisons/ampacity_constraints1000/xlpe_dry_large,ampacity,11,multipole,32,3,2249,189.90479149999737,fixed,1200,1600,2283,1000.0,1000.0,89.96337806730946,89.99997279875568,1.8491118114698213,2.6415893285928407,6.694185629583945,-0.03659473144621472,0.05227820809505405,0.007812595238748185,4.458328039610908,True,,399.5651218980562,401.2225914001465,0.4131047297975421,0.006930574754256997,0.036621932690536596,True,Benchmarks/comparisons/ampacity_constraints1000/xlpe_dry_large/pinn_seed11.json
xlpe_dry_large,comparisons/ampacity_constraints1000/xlpe_dry_large,ampacity,23,multipole,32,3,2249,185.00623189999897,fixed,1200,1600,2291,1000.0,1000.0,89.97557753477895,89.99997279875568,0.17817105420570067,0.254530176344394,0.5125089553797508,-0.024395263976728643,0.03485039065209793,0.008617941982806663,1.3502578420026419,True,,400.56077040120505,401.2225914001465,0.16495108030479821,0.008315727199840016,0.024422465221050516,True,Benchmarks/comparisons/ampacity_constraints1000/xlpe_dry_large/pinn_seed23.json
xlpe_dry_large,comparisons/ampacity_constraints1000/xlpe_dry_large,ampacity,37,multipole,32,3,2249,189.0305015999911,fixed,1200,1600,2285,1000.0,1000.0,89.96673047979348,89.99997279875568,0.7927623039624377,1.1325180171734723,3.3942795701675976,-0.03324231896219487,0.04748904554258025,0.026157000467078754,2.8099470152911126,True,,400.52652359464327,401.2225914001465,0.17348669302846842,0.0048488061901843715,0.033269520206516745,True,Benchmarks/comparisons/ampacity_constraints1000/xlpe_dry_large/pinn_seed37.json
xlpe_single,comparisons/C01_enriched/xlpe_single,fixed_source,5,enriched,32,3,2241,102.16208569999435,fixed,1200,800,1516,,,36.23822278778131,36.85850363541242,0.6713174259111931,3.9820700604829833,1.5179572491428495,-0.6202808476311077,3.679335135819327,88.25297872998476,0.5517704544086779,False,,,,,,,,Benchmarks/comparisons/C01_enriched/xlpe_single/pinn_seed5.json
xlpe_single,comparisons/C02_energy/xlpe_single,fixed_source,5,conservative,32,3,2241,126.48580290000245,fixed,1200,800,1516,,,36.427514009540694,36.85850363541242,0.39485166092973045,2.342151293311217,1.1229630737195428,-0.4309896258717245,2.5565117473795356,0.0027169775461735406,0.5352837975079532,True,,,,,,,,Benchmarks/comparisons/C02_energy/xlpe_single/pinn_seed5.json
xlpe_single,comparisons/C03_reference/xlpe_single,fixed_source,5,conservative,32,3,2241,140.57032040000195,fixed,1200,800,1516,,,36.87584990847816,36.85850363541242,0.0367344254023895,0.2178984932282268,0.1268806578509789,0.017346273065740547,0.10289331390778679,0.003194640485426333,0.058333549376408514,True,,,,,,,,Benchmarks/comparisons/C03_reference/xlpe_single/pinn_seed5.json
xlpe_single,comparisons/C04_width16/xlpe_single,fixed_source,5,conservative,16,3,609,71.29859469999792,fixed,1200,800,1516,,,36.87897363512914,36.85850363541242,0.03497239208364384,0.2074465969220541,0.138331791886948,0.02046999971672392,0.12142239999121458,0.0037538900177254407,0.05717272084937453,True,,,,,,,,Benchmarks/comparisons/C04_width16/xlpe_single/pinn_seed5.json
xlpe_single,comparisons/C05_width64/xlpe_single,fixed_source,5,conservative,64,3,8577,160.65088370000012,fixed,1200,800,1516,,,36.870279013794054,36.85850363541242,0.033702774942203716,0.19991557774682192,0.09866569163572692,0.011775378381635448,0.06984830110841199,0.0031011529938820294,0.05188980219180808,True,,,,,,,,Benchmarks/comparisons/C05_width64/xlpe_single/pinn_seed5.json
xlpe_single,comparisons/C06_depth4/xlpe_single,fixed_source,5,conservative,32,4,3297,173.5771628999937,fixed,1200,800,1516,,,36.871833478117644,36.85850363541242,0.03712460908116691,0.2202129553371758,0.12723325389667295,0.013329842705225303,0.07906895530885122,0.0029218910655115045,0.061325614757573185,True,,,,,,,,Benchmarks/comparisons/C06_depth4/xlpe_single/pinn_seed5.json
xlpe_single,comparisons/C07_lr0005/xlpe_single,fixed_source,5,conservative,32,3,2241,154.4170557999896,fixed,1200,800,1516,,,36.870792760596686,36.85850363541242,0.03870200309003242,0.22956962211483742,0.12155384164934802,0.012289125184267391,0.07289570563340662,0.002976858031956887,0.06081771264338921,True,,,,,,,,Benchmarks/comparisons/C07_lr0005/xlpe_single/pinn_seed5.json
xlpe_single,comparisons/C08_sampling1536/xlpe_single,fixed_source,5,conservative,32,3,2241,155.37709789999644,fixed,1200,800,3039,,,36.87099712985834,36.85850363541242,0.03885623325014857,0.23048447294295116,0.11594325815699946,0.01249349444591985,0.07410796780134404,0.0015856315237512755,0.060293999053541936,True,,,,,,,,Benchmarks/comparisons/C08_sampling1536/xlpe_single/pinn_seed5.json
kim_pac,comparisons/conservative/kim_pac,fixed_source,11,conservative,32,3,2241,85.17750969999179,fixed,1200,800,2243,,,38.15173794077374,48.97171248576298,2.551206438142497,8.805853086510465,11.96769930113122,-10.819974544989236,37.34668618676336,0.18267735717507566,11.664218715058148,False,,,,,,,,Benchmarks/comparisons/conservative/kim_pac/pinn_seed11.json
kim_pac,comparisons/conservative/kim_pac,fixed_source,23,conservative,32,3,2241,85.69578090000141,fixed,1200,800,2242,,,38.1293978943209,48.97171248576298,2.6119180753333606,9.015407966018186,12.001596511148907,-10.842314591442076,37.42379604509091,0.20803065594472625,11.29704918271881,False,,,,,,,,Benchmarks/comparisons/conservative/kim_pac/pinn_seed23.json
kim_pac,comparisons/conservative/kim_pac,fixed_source,37,conservative,32,3,2241,157.65541390000726,fixed,1200,800,2233,,,37.95213580148305,48.97171248576298,2.6851652389880476,9.268231003975231,12.17337225955616,-11.019576684279926,38.035641454384404,0.12128450835655899,11.618897601188294,False,,,,,,,,Benchmarks/comparisons/conservative/kim_pac/pinn_seed37.json
xlpe_dry_near,comparisons/conservative/xlpe_dry_near,fixed_source,11,conservative,32,3,2241,121.35852589999558,fixed,1200,800,2283,,,42.972175725019675,42.87478267062006,0.21592278305482174,0.9439337027326119,0.5676648660687214,0.09739305439961754,0.42576603153789677,0.04384525754254208,1.1054184780091012,True,,,,,,,,Benchmarks/comparisons/conservative/xlpe_dry_near/pinn_seed11.json
xlpe_dry_near,comparisons/conservative/xlpe_dry_near,fixed_source,23,conservative,32,3,2241,125.084170800008,fixed,1200,800,2291,,,42.83669847592382,42.87478267062006,0.2093374807269291,0.9151452223229131,0.5078102497945274,-0.03808419469623914,0.1664898646016592,0.019113754220652958,1.342713861274263,True,,,,,,,,Benchmarks/comparisons/conservative/xlpe_dry_near/pinn_seed23.json
xlpe_dry_near,comparisons/conservative/xlpe_dry_near,fixed_source,37,conservative,32,3,2241,147.2087165999983,fixed,1200,800,2285,,,42.56757229987641,42.87478267062006,0.15662757353079595,0.6847172092785191,0.7113940030102057,-0.3072103707436469,1.3430089158321148,0.04956561423208156,0.9354909960413399,True,,,,,,,,Benchmarks/comparisons/conservative/xlpe_dry_near/pinn_seed37.json
xlpe_single,comparisons/conservative/xlpe_single,fixed_source,11,conservative,32,3,2241,61.37683350000589,fixed,1200,800,1515,,,36.86547039787467,36.85850363541242,0.039766361404589605,0.23588310246620994,0.11277977523004523,0.006966762462248255,0.04132491597661196,0.0033472673752597457,0.061385232933716394,True,,,,,,,,Benchmarks/comparisons/conservative/xlpe_single/pinn_seed11.json
xlpe_single,comparisons/conservative/xlpe_single,fixed_source,23,conservative,32,3,2241,54.16090319999785,fixed,1200,800,1523,,,36.87340370859352,36.85850363541242,0.03779880877769057,0.22421212223302925,0.1364811564378101,0.014900073181102869,0.08838312998197696,0.0029582042839257946,0.0595415573183486,True,,,,,,,,Benchmarks/comparisons/conservative/xlpe_single/pinn_seed23.json
xlpe_single,comparisons/conservative/xlpe_single,fixed_source,37,conservative,32,3,2241,55.14859980001347,fixed,1200,800,1517,,,36.86409341795607,36.85850363541242,0.04116065175400064,0.24415364877070067,0.11125685420232756,0.005589782543651722,0.0331570503796672,0.0032018627851764093,0.06329799308052841,True,,,,,,,,Benchmarks/comparisons/conservative/xlpe_single/pinn_seed37.json
kim_pac,comparisons/control_multipole_budget/kim_pac,fixed_source,5,conservative,32,3,2241,173.1330861999886,fixed,1200,1600,2234,,,38.950761791218284,48.97171248576298,2.1839053754255096,7.538061053514545,11.116233054253808,-10.020950694544695,34.58874134371277,0.4081259098174408,12.26733518182971,False,,,,,,,,Benchmarks/comparisons/control_multipole_budget/kim_pac/pinn_seed5.json
kim_sand,comparisons/control_multipole_budget/kim_sand,fixed_source,5,conservative,32,3,2241,284.9277973999997,fixed,1200,1600,1492,,,42.010099141344725,51.70060791340123,1.862862301159813,5.876424534976504,11.277022904681218,-9.690508772056504,30.568842081920778,0.7695406381662678,10.064268123348803,False,,,,,,,,Benchmarks/comparisons/control_multipole_budget/kim_sand/pinn_seed5.json
kim_layered,comparisons/coupled_budget_control/kim_layered,coupled,5,multipole,32,3,2283,573.5460038999881,fixed,2000,3000,2234,100,,49.93903441539406,50.82532735283939,0.44609717665268434,1.447177418576849,1.5830613731529724,-0.8862929374453259,2.8752101390536815,0.10017149962174685,3.639620054845674,True,,1026.0,,,0.07182076759589277,,,Benchmarks/comparisons/coupled_budget_control/kim_layered/pinn_seed5.json
kim_layered,comparisons/coupled_refined/kim_layered,coupled,11,multipole,32,3,2283,586.2494730000035,fixed,2000,3000,2243,1000,,49.339484230930815,50.82532735283939,0.5506702179503629,1.786421314029093,1.469955522558422,-1.485843121908573,4.820202247654992,0.18909910151101514,3.759053964143072,True,,1026.0,,,0.016563105843663686,,,Benchmarks/comparisons/coupled_refined/kim_layered/pinn_seed11.json
kim_layered,comparisons/coupled_refined/kim_layered,coupled,23,multipole,32,3,2283,576.4083144000033,fixed,2000,3000,2242,1000,,47.93908556669744,50.82532735283939,1.3323369911198981,4.322215222143209,4.270903717620058,-2.8862417861419445,9.3632153621755,0.17980083099632957,6.276503528983954,False,,1026.0,,,0.011152603075790487,,,Benchmarks/comparisons/coupled_refined/kim_layered/pinn_seed23.json
kim_layered,comparisons/coupled_refined/kim_layered,coupled,37,multipole,32,3,2283,592.1285342000047,fixed,2000,3000,2233,1000,,49.27394871789616,50.82532735283939,0.643094070877058,2.0862522026641876,1.6301332348876159,-1.5513786349432266,5.032805060544883,0.11009223113592265,3.7634541386797546,False,,1026.0,,,0.011299981413578056,,,Benchmarks/comparisons/coupled_refined/kim_layered/pinn_seed37.json
kim_pac,comparisons/coupled_refined/kim_pac,coupled,11,multipole,32,3,2283,584.2464155999915,fixed,2000,3000,2243,1000,,50.530797268171256,52.52898448143245,0.7044552780368897,2.1656233333659487,2.231919427627407,-1.9981872132611969,6.1427900228541175,0.023350943678674317,4.133376905295132,False,,1026.0,,,0.018992026596484836,,,Benchmarks/comparisons/coupled_refined/kim_pac/pinn_seed11.json
kim_pac,comparisons/coupled_refined/kim_pac,coupled,23,multipole,32,3,2283,585.7627955000062,fixed,2000,3000,2242,1000,,50.373596344540495,52.52898448143245,0.8746684094487218,2.688889380939582,2.2508167909462458,-2.1553881368919576,6.626054182915711,0.07315951189338726,4.112326248215846,False,,1026.0,,,0.017038942028827907,,,Benchmarks/comparisons/coupled_refined/kim_pac/pinn_seed23.json
kim_pac,comparisons/coupled_refined/kim_pac,coupled,37,multipole,32,3,2283,619.7021755999885,fixed,2000,3000,2233,1000,,51.432709541497516,52.52898448143245,0.36486099750223616,1.1216489027208913,1.1772407360882866,-1.0962749399349363,3.37014806152553,0.09211420881481183,3.737337478866677,True,,1026.0,,,0.021814944515406765,,,Benchmarks/comparisons/coupled_refined/kim_pac/pinn_seed37.json
kim_layered,comparisons/coupled_weight1000/kim_layered,coupled,5,multipole,32,3,2283,526.3272116000007,fixed,2000,3000,2234,1000.0,,49.55645854102209,50.82532735283939,0.4946489766046312,1.6046836127405084,1.3564057364721904,-1.268868811817299,4.116319016804929,0.16592972014427124,3.956418963665383,True,,1026.0,,,0.020188894530730583,,,Benchmarks/comparisons/coupled_weight1000/kim_layered/pinn_seed5.json
kim_layered,comparisons/coupled_width64/kim_layered,coupled,11,multipole,64,3,8619,640.8394278999913,fixed,1200,1600,2243,100.0,,49.5490168217615,50.82532735283939,0.4741971542665123,1.5383361507848934,2.1777291917083623,-1.2763105310778897,4.14046059095728,0.007313338888899016,4.016987372921994,True,,1026.0,,,0.058441099152335904,,,Benchmarks/comparisons/coupled_width64/kim_layered/pinn_seed11.json
kim_layered,comparisons/coupled_width64/kim_layered,coupled,23,multipole,64,3,8619,640.6615989999991,fixed,1200,1600,2242,100.0,,49.5919246946379,50.82532735283939,0.6186563911317552,2.006974278165352,1.5064222177248219,-1.2334026582014843,4.001263779240524,0.21183700924616178,5.009540231019493,False,,1026.0,,,0.12528355624742557,,,Benchmarks/comparisons/coupled_width64/kim_layered/pinn_seed23.json
kim_layered,comparisons/coupled_width64/kim_layered,coupled,37,multipole,64,3,8619,637.5045623999904,fixed,1200,1600,2233,100.0,,49.2646625173194,50.82532735283939,0.72213405169247,2.342664664762928,2.0527858270512738,-1.5606648355199866,5.062930289939745,0.014360697334794944,5.213855284111257,False,,1026.0,,,0.21335550252605137,,,Benchmarks/comparisons/coupled_width64/kim_layered/pinn_seed37.json
kim_pac,comparisons/coupled_width64/kim_pac,coupled,11,multipole,64,3,8619,774.8504454000067,fixed,1200,1600,2243,100.0,,51.46874914154905,52.52898448143245,0.8320244784917512,2.557794200328236,2.4725652876705837,-1.0602353398834055,3.2593557923352567,0.015542979699734833,4.903784592475904,False,,1026.0,,,0.13265966348054542,,,Benchmarks/comparisons/coupled_width64/kim_pac/pinn_seed11.json
kim_pac,comparisons/coupled_width64/kim_pac,coupled,23,multipole,64,3,8619,767.9987421999977,fixed,1200,1600,2242,100.0,,51.23521736678384,52.52898448143245,0.565954689058987,1.7398473948119533,1.3758079114146327,-1.2937671146486096,3.9772748374210454,0.21111866262114187,4.948114899421753,False,,1026.0,,,0.18791439196172002,,,Benchmarks/comparisons/coupled_width64/kim_pac/pinn_seed23.json
kim_pac,comparisons/coupled_width64/kim_pac,coupled,37,multipole,64,3,8619,770.0742154000036,fixed,1200,1600,2233,100.0,,50.767607531425476,52.52898448143245,0.6694210650025444,2.0579218062729563,2.35853136789785,-1.7613769500069765,5.414792309339908,0.06873121802403546,4.621829883851722,False,,1026.0,,,0.12827486365341043,,,Benchmarks/comparisons/coupled_width64/kim_pac/pinn_seed37.json
xlpe_single,comparisons/direct/xlpe_single,fixed_source,5,direct,32,3,2241,97.72172480000881,fixed,1200,800,1516,,,27.054213494074236,36.85850363541242,0.7329471625583908,4.347640682763719,8.211186329864766,-9.804290141338182,58.15634859041471,144.24653331997754,1.267575520266081,False,,,,,,,,Benchmarks/comparisons/direct/xlpe_single/pinn_seed5.json
xlpe_discrete_layers,comparisons/final_discrete/xlpe_discrete_layers,fixed_source,11,conservative,32,3,4482,318.2081395999994,fixed,1200,1600,1515,,,37.27315401129629,37.37796022533343,0.04677438048174699,0.2691592101445814,0.31526920685577053,-0.10480621403713997,0.6030984803633882,0.005083187816091438,0.08864131112087556,True,,,,,,,,Benchmarks/comparisons/final_discrete/xlpe_discrete_layers/pinn_seed11.json
xlpe_discrete_layers,comparisons/final_discrete/xlpe_discrete_layers,fixed_source,23,conservative,32,3,4482,328.61684400000377,fixed,1200,1600,1523,,,37.225037339019984,37.37796022533343,0.048949574710843304,0.28167618107149917,0.3577273767381577,-0.15292288631344775,0.8799817949319401,0.001393301148604796,0.09720441880745784,True,,,,,,,,Benchmarks/comparisons/final_discrete/xlpe_discrete_layers/pinn_seed23.json
xlpe_discrete_layers,comparisons/final_discrete/xlpe_discrete_layers,fixed_source,37,conservative,32,3,4482,107.17911640000239,fixed,1200,1600,1517,,,37.273013368087,37.37796022533343,0.051740786636882384,0.2977379736515632,0.33034686113482437,-0.10494685724643205,0.6039077997971332,0.006566971491451203,0.0989470795577256,True,,,,,,,,Benchmarks/comparisons/final_discrete/xlpe_discrete_layers/pinn_seed37.json
aras_flat,comparisons/final_multipole/aras_flat,fixed_source,11,multipole,32,3,2259,131.68122050000238,fixed,1200,1600,1529,,,50.44039547097785,50.43617013400312,0.013632789063684788,0.04479140773514836,0.06687373991095313,0.004225336974727156,0.013882617149674273,0.00352793898188403,0.09005864922899054,True,,,,,,,,Benchmarks/comparisons/final_multipole/aras_flat/pinn_seed11.json
aras_flat,comparisons/final_multipole/aras_flat,fixed_source,23,multipole,32,3,2259,179.48996989999432,fixed,1200,1600,1530,,,50.445956957218286,50.43617013400312,0.014453891196385307,0.04748919175030337,0.055690959337251655,0.009786823215165441,0.03215523888871832,0.0021352840934884317,0.09035057690205012,True,,,,,,,,Benchmarks/comparisons/final_multipole/aras_flat/pinn_seed23.json
aras_flat,comparisons/final_multipole/aras_flat,fixed_source,37,multipole,32,3,2259,252.89068769999722,fixed,1200,1600,1532,,,50.428209241168375,50.43617013400312,0.014504970405024874,0.04765701578471596,0.05935711821889811,-0.007960892834745437,0.026156026857832457,0.002970454747389871,0.06708672309049153,True,,,,,,,,Benchmarks/comparisons/final_multipole/aras_flat/pinn_seed37.json
kim_layered,comparisons/final_multipole/kim_layered,fixed_source,11,multipole,32,3,2277,206.769000699991,fixed,1200,1600,2243,,,47.084460382233644,47.61159141891281,0.337143642061427,1.221022131417233,0.9721294928220949,-0.5271310366791653,1.9090932814473782,0.20819250902346853,3.707560392176668,True,,,,,,,,Benchmarks/comparisons/final_multipole/kim_layered/pinn_seed11.json
kim_layered,comparisons/final_multipole/kim_layered,fixed_source,23,multipole,32,3,2277,354.29214659999707,fixed,1200,1600,2242,,,46.68882793374266,47.61159141891281,0.3443374228058316,1.2470756124906823,1.1670810865315744,-0.9227634851701509,3.3419424153078543,0.0021065451703105756,3.599212657093924,True,,,,,,,,Benchmarks/comparisons/final_multipole/kim_layered/pinn_seed23.json
kim_layered,comparisons/final_multipole/kim_layered,fixed_source,37,multipole,32,3,2277,203.80430530000012,fixed,1200,1600,2233,,,45.4874825565895,47.61159141891281,1.3153246889535128,4.7636685223893664,4.06467997378936,-2.124108862323311,7.69281578195592,0.20329478164307946,5.6959808581575295,False,,,,,,,,Benchmarks/comparisons/final_multipole/kim_layered/pinn_seed37.json
kim_pac,comparisons/final_multipole/kim_pac,fixed_source,11,multipole,32,3,2277,193.40538469998864,fixed,1200,1600,2243,,,48.37997077694676,48.97171248576298,0.4971778790709228,1.7160803984757254,1.7567988712599742,-0.5917417088162154,2.0424809514004525,0.20165098687067853,4.27971001440079,True,,,,,,,,Benchmarks/comparisons/final_multipole/kim_pac/pinn_seed11.json
kim_pac,comparisons/final_multipole/kim_pac,fixed_source,23,multipole,32,3,2277,136.60821609999402,fixed,1200,1600,2242,,,48.81777822584368,48.97171248576298,0.5089540745657907,1.7567276177267614,1.319115546974487,-0.15393425991929632,0.531326065019254,0.012097128456602027,3.8804525687709397,True,,,,,,,,Benchmarks/comparisons/final_multipole/kim_pac/pinn_seed23.json
kim_pac,comparisons/final_multipole/kim_pac,fixed_source,37,multipole,32,3,2277,166.22619889999623,fixed,1200,1600,2233,,,47.98726299487028,48.97171248576298,0.4639059274889444,1.6012375095773608,1.9104824883327893,-0.9844494908927004,3.397967901885226,0.13591125108062804,3.6925421122976254,True,,,,,,,,Benchmarks/comparisons/final_multipole/kim_pac/pinn_seed37.json
kim_sand,comparisons/final_multipole/kim_sand,fixed_source,11,multipole,32,3,2277,176.6988863000006,fixed,1200,1600,1504,,,51.70236755668266,51.70060791340123,0.017011581310973217,0.05366326525171046,0.09258567886173452,0.0017596432814315222,0.005550818729528667,0.003656654734735425,0.18480438376891317,True,,,,,,,,Benchmarks/comparisons/final_multipole/kim_sand/pinn_seed11.json
kim_sand,comparisons/final_multipole/kim_sand,fixed_source,23,multipole,32,3,2277,151.97174709998944,fixed,1200,1600,1502,,,51.70347456506238,51.70060791340123,0.030849006213018476,0.0973136108218835,0.1325060779428071,0.002866651661150854,0.009042891760883222,0.0164471538786181,0.18133837111328455,True,,,,,,,,Benchmarks/comparisons/final_multipole/kim_sand/pinn_seed23.json
kim_sand,comparisons/final_multipole/kim_sand,fixed_source,37,multipole,32,3,2277,125.66036840000015,fixed,1200,1600,1492,,,51.684841184065405,51.70060791340123,0.01974315669415656,0.06228005705155663,0.07736322172721799,-0.015766729335823015,0.04973636271863964,0.0023602004468711406,0.16284105617830996,True,,,,,,,,Benchmarks/comparisons/final_multipole/kim_sand/pinn_seed37.json
aras_single,comparisons/final_w16/aras_single,fixed_source,11,conservative,16,3,609,62.6422717999958,fixed,1200,800,1536,,,63.05361931678516,63.080840986633646,0.06319724744585903,0.1466945537703564,0.16174393601692927,-0.02722166984848684,0.06318741515963602,0.007775068323688758,0.08967217139830366,True,,,,,,,,Benchmarks/comparisons/final_w16/aras_single/pinn_seed11.json
aras_single,comparisons/final_w16/aras_single,fixed_source,23,conservative,16,3,609,85.2303111999936,fixed,1200,800,1536,,,63.05511764425286,63.080840986633646,0.0617184424804506,0.14326192587465852,0.15502235683887022,-0.025723342380786107,0.059709471290885635,0.007733498289557483,0.08928276758984938,True,,,,,,,,Benchmarks/comparisons/final_w16/aras_single/pinn_seed23.json
aras_single,comparisons/final_w16/aras_single,fixed_source,37,conservative,16,3,609,75.70501890000014,fixed,1200,800,1536,,,63.05156658375495,63.080840986633646,0.06675257119482421,0.1549472333085025,0.15851898421176713,-0.029274402878698425,0.06795225489628014,0.006108867142742385,0.10285265262642003,True,,,,,,,,Benchmarks/comparisons/final_w16/aras_single/pinn_seed37.json
xlpe_backfill,comparisons/final_w16/xlpe_backfill,fixed_source,11,conservative,16,3,609,62.33001499999955,fixed,1200,800,2283,,,33.46419948996883,33.528071182338174,0.20022745129039748,1.4800886881184376,1.0809838545334536,-0.06387169236934653,0.4721419004117558,0.09933009164151958,1.6315217615794002,True,,,,,,,,Benchmarks/comparisons/final_w16/xlpe_backfill/pinn_seed11.json
xlpe_backfill,comparisons/final_w16/xlpe_backfill,fixed_source,23,conservative,16,3,609,56.18702250000206,fixed,1200,800,2291,,,33.546845079465996,33.528071182338174,0.13610641845243276,1.006103653787164,1.1463613890355369,0.01877389712782218,0.13877733843042453,0.01663498280306183,1.5777833072961602,True,,,,,,,,Benchmarks/comparisons/final_w16/xlpe_backfill/pinn_seed23.json
xlpe_backfill,comparisons/final_w16/xlpe_backfill,fixed_source,37,conservative,16,3,609,67.91000980000535,fixed,1200,800,2285,,,33.01859598078902,33.528071182338174,0.2476666346541674,1.8307608772602646,0.786014885265562,-0.5094752015491508,3.7660594380543007,0.05875907455310989,1.9373761329284938,True,,,,,,,,Benchmarks/comparisons/final_w16/xlpe_backfill/pinn_seed37.json
xlpe_dry_far,comparisons/final_w16/xlpe_dry_far,fixed_source,11,conservative,16,3,609,72.691926399988,fixed,1200,800,2283,,,36.72422335344248,36.89473807841665,0.20826785278025098,1.2327379792073672,0.6469689724727274,-0.17051472497416853,1.00927711446444,0.004071156950349946,0.3312080051926612,True,,,,,,,,Benchmarks/comparisons/final_w16/xlpe_dry_far/pinn_seed11.json
xlpe_dry_far,comparisons/final_w16/xlpe_dry_far,fixed_source,23,conservative,16,3,609,50.26390679999895,fixed,1200,800,2291,,,36.70995351873969,36.89473807841665,0.1526271421321075,0.903400463645492,0.5667654616161784,-0.18478455967696306,1.0937403043438054,0.0021131965631369363,0.30529668262458826,True,,,,,,,,Benchmarks/comparisons/final_w16/xlpe_dry_far/pinn_seed23.json
xlpe_dry_far,comparisons/final_w16/xlpe_dry_far,fixed_source,37,conservative,16,3,609,45.21710530000564,fixed,1200,800,2285,,,36.767678379158205,36.89473807841665,0.18619082926845734,1.1020640178276553,0.7225509938920993,-0.12705969925844585,0.7520667007011315,0.00014818121510957148,0.35582804453904754,True,,,,,,,,Benchmarks/comparisons/final_w16/xlpe_dry_far/pinn_seed37.json
xlpe_dry_large,comparisons/final_w16/xlpe_dry_large,fixed_source,11,conservative,16,3,609,48.78303589999268,fixed,1200,800,2283,,,45.22398231027625,44.86053285882778,0.2783263485464552,1.1195510173774241,2.125748406261561,0.3634494514484672,1.461953585276468,0.015876810402200153,1.6141544033087691,True,,,,,,,,Benchmarks/comparisons/final_w16/xlpe_dry_large/pinn_seed11.json
xlpe_dry_large,comparisons/final_w16/xlpe_dry_large,fixed_source,23,conservative,16,3,609,49.78042669998831,fixed,1200,800,2291,,,43.87781714851096,44.86053285882778,0.5169327849832818,2.0793310743527487,2.5745011076150845,-0.9827157103168247,3.9529149109443567,0.07988416873686802,1.9950037558828473,True,,,,,,,,Benchmarks/comparisons/final_w16/xlpe_dry_large/pinn_seed23.json
xlpe_dry_large,comparisons/final_w16/xlpe_dry_large,fixed_source,37,conservative,16,3,609,59.50100490001205,fixed,1200,800,2285,,,44.346916564874654,44.86053285882778,0.333928794407551,1.3432085156975044,1.2235894058280863,-0.5136162939531275,2.0659906884125627,0.0017338209145372648,1.3878423598087,True,,,,,,,,Benchmarks/comparisons/final_w16/xlpe_dry_large/pinn_seed37.json
xlpe_dry_near,comparisons/final_w16/xlpe_dry_near,fixed_source,11,conservative,16,3,609,84.72451430000365,fixed,1200,800,2283,,,43.130186508752224,42.87478267062006,0.2526868119025575,1.1046522956788731,0.7940928045364473,0.2554038381321675,1.116530118820335,0.006996186773793353,1.073322351859491,True,,,,,,,,Benchmarks/comparisons/final_w16/xlpe_dry_near/pinn_seed11.json
xlpe_dry_near,comparisons/final_w16/xlpe_dry_near,fixed_source,23,conservative,16,3,609,51.95669919998909,fixed,1200,800,2291,,,42.97324962248866,42.87478267062006,0.3297995620162062,1.4417604169843963,0.9912945946367167,0.09846695186860188,0.43046070988499924,0.08561101439707024,1.076839345910187,True,,,,,,,,Benchmarks/comparisons/final_w16/xlpe_dry_near/pinn_seed23.json
xlpe_dry_near,comparisons/final_w16/xlpe_dry_near,fixed_source,37,conservative,16,3,609,71.36045589999412,fixed,1200,800,2285,,,42.31288414912611,42.87478267062006,0.30246876344870127,1.3222803809943362,1.059295867164213,-0.5618985214939443,2.456410316919147,0.1477322976458629,1.524221090854054,True,,,,,,,,Benchmarks/comparisons/final_w16/xlpe_dry_near/pinn_seed37.json
xlpe_single,comparisons/final_w16/xlpe_single,fixed_source,11,conservative,16,3,609,81.16636679999647,fixed,1200,800,1515,,,36.87994321487005,36.85850363541242,0.04074516580147859,0.24168910054324536,0.14700747943386006,0.02143957945763475,0.1271736799498591,0.002427211193458156,0.061980727704521676,True,,,,,,,,Benchmarks/comparisons/final_w16/xlpe_single/pinn_seed11.json
xlpe_single,comparisons/final_w16/xlpe_single,fixed_source,23,conservative,16,3,609,76.70140590000665,fixed,1200,800,1523,,,36.86990958686683,36.85850363541242,0.04079732358031693,0.24199848612079317,0.1308637597464788,0.01140595145441381,0.0676569623323795,0.00331706910220989,0.06502982437657583,True,,,,,,,,Benchmarks/comparisons/final_w16/xlpe_single/pinn_seed23.json
xlpe_single,comparisons/final_w16/xlpe_single,fixed_source,37,conservative,16,3,609,84.04618320000009,fixed,1200,800,1517,,,36.860156422212256,36.85850363541242,0.03979029956671361,0.23602509705031835,0.11146414194540455,0.0016527867998377133,0.009803876047254417,0.004151519006058997,0.061273869009054294,True,,,,,,,,Benchmarks/comparisons/final_w16/xlpe_single/pinn_seed37.json
mms_interface,comparisons/global_interface/mms_interface,fixed_source,11,global,32,3,2241,72.63615429999481,fixed,1200,800,768,,,31.63255106286521,32.5,1.8191126591964946,14.552901273571957,5.151583556710754,-0.8674489371347889,6.939591497078311,29.197297804827897,204.30894106974733,False,1.8191127387891926,,,,,,,Benchmarks/comparisons/global_interface/mms_interface/pinn_seed11.json
mms_interface,comparisons/global_interface/mms_interface,fixed_source,23,global,32,3,2241,73.66496659998666,fixed,1200,800,768,,,28.907389277966665,32.5,1.7550193015599505,14.040154412479604,3.811315874115209,-3.592610722033335,28.740885776266676,9.641948393771296,16.559576265108824,False,1.7550193523150992,,,,,,,Benchmarks/comparisons/global_interface/mms_interface/pinn_seed23.json
mms_interface,comparisons/global_interface/mms_interface,fixed_source,37,global,32,3,2241,74.62686240000767,fixed,1200,800,768,,,29.14437279035743,32.5,1.6257133814814917,13.005707051851935,3.3883114737874287,-3.35562720964257,26.845017677140557,8.873087181086877,17.10750070059698,False,1.6257134314600827,,,,,,,Benchmarks/comparisons/global_interface/mms_interface/pinn_seed37.json
kim_pac,comparisons/pilot_multipole/kim_pac,fixed_source,5,multipole,32,3,2277,320.4201713000075,fixed,1200,1600,2234,,,48.0571293047867,48.97171248576298,0.6404015440426469,2.210437316597517,1.723786091160001,-0.9145831809762797,3.1568143630643717,0.2085058091718051,4.524173499321959,True,,,,,,,,Benchmarks/comparisons/pilot_multipole/kim_pac/pinn_seed5.json
kim_sand,comparisons/pilot_multipole/kim_sand,fixed_source,5,multipole,32,3,2277,253.16613450000295,fixed,1200,1600,1492,,,51.69786830084085,51.70060791340123,0.01860739945681798,0.058697295356761346,0.09706615972075028,-0.0027396125603758037,0.008642145184911895,0.004932399268332973,0.16821472813794675,True,,,,,,,,Benchmarks/comparisons/pilot_multipole/kim_sand/pinn_seed5.json
kim_pac,comparisons/pilot_w64_d4/kim_pac,fixed_source,5,conservative,64,4,12737,1218.2652598999994,fixed,2000,3000,4477,,,39.446381010024936,48.97171248576298,2.5617291227488015,8.84217363404964,12.252746635329615,-9.525331475738042,32.87804088356494,0.06848476633843158,34.74856719509919,False,,,,,,,,Benchmarks/comparisons/pilot_w64_d4/kim_pac/pinn_seed5.json
mms_smooth_2d,comparisons/resolution_B2/mms_smooth_2d,fixed_source,11,enriched,32,3,2241,90.1455469000066,fixed,2400,1600,768,,,50.00013372435549,50.00000182863512,0.0017363418501691115,0.005787805814437539,0.009709567012833986,0.00013189572037219932,0.000439652374441872,0.0042018098006479905,0.11638924005847266,True,0.001736039773262464,,,,,,,Benchmarks/comparisons/resolution_B2/mms_smooth_2d/pinn_seed11.json
mms_smooth_2d,comparisons/resolution_B2/mms_smooth_2d,fixed_source,23,enriched,32,3,2241,89.46583580000151,fixed,2400,1600,768,,,49.999982454359824,50.00000182863512,0.0017962198691578001,0.005987399198900386,0.012420959104616713,-1.9374275296968335e-05,6.458091372006355e-05,0.0026995378548614686,0.10957941652188719,True,0.0017958198043973507,,,,,,,Benchmarks/comparisons/resolution_B2/mms_smooth_2d/pinn_seed23.json
mms_smooth_2d,comparisons/resolution_B2/mms_smooth_2d,fixed_source,37,enriched,32,3,2241,88.20196170000418,fixed,2400,1600,768,,,49.99977292949518,50.00000182863512,0.0012099627596015435,0.004033208952829561,0.007090537022413912,-0.00022889913994106337,0.0007629970866287689,0.0009647077094262114,0.049447627976240235,True,0.00120993082151962,,,,,,,Benchmarks/comparisons/resolution_B2/mms_smooth_2d/pinn_seed37.json
xlpe_single,comparisons/resolution_B2/xlpe_single,coupled,11,multipole,32,3,2248,297.7813030999969,fixed,2400,3200,1515,100.0,,38.06373209183232,38.054698149353676,0.015599525648974724,0.08640147578171035,0.059764278585848984,0.009033942478644974,0.05003651904846923,0.0014696273232792279,0.0473909802465828,True,,270.0,,,0.0017451516254606354,,,Benchmarks/comparisons/resolution_B2/xlpe_single/pinn_seed11.json
xlpe_single,comparisons/resolution_B2/xlpe_single,coupled,23,multipole,32,3,2248,231.85829930000182,fixed,2400,3200,1523,100.0,,38.06564248807112,38.054698149353676,0.008810544499709002,0.04879917917666435,0.035197022931214406,0.010944338717443713,0.0606176776089469,0.001379040953721611,0.024314942394469238,True,,270.0,,,0.0017568306920886809,,,Benchmarks/comparisons/resolution_B2/xlpe_single/pinn_seed23.json
xlpe_single,comparisons/resolution_B2/xlpe_single,coupled,37,multipole,32,3,2248,227.631403899999,fixed,2400,3200,1517,100.0,,38.054956956526716,38.054698149353676,0.010307964726332093,0.057092977357259767,0.03478926201013266,0.0002588071730400543,0.0014334616447150023,0.0012219525129086683,0.03364442241688434,True,,270.0,,,0.0017513501892152913,,,Benchmarks/comparisons/resolution_B2/xlpe_single/pinn_seed37.json
mms_smooth_2d,comparisons/resolution_N1536/mms_smooth_2d,fixed_source,11,enriched,32,3,2241,72.95523140000296,fixed,1200,800,1536,,,49.99984090927619,50.00000182863512,0.001642129473169045,0.0054737645769128785,0.011418653213343788,-0.00016091935893314258,0.0005363978304146115,0.0028174420631425297,0.11038860918351832,True,0.0016413992371161529,,,,,,,Benchmarks/comparisons/resolution_N1536/mms_smooth_2d/pinn_seed11.json
mms_smooth_2d,comparisons/resolution_N1536/mms_smooth_2d,fixed_source,23,enriched,32,3,2241,72.9797694000008,fixed,1200,800,1536,,,49.99941168296772,50.00000182863512,0.0022514187683243176,0.007504728770300705,0.012824291431840606,-0.000590145667402453,0.0019671521047680625,0.002032514423161064,0.12356882212206767,True,0.002251021590099183,,,,,,,Benchmarks/comparisons/resolution_N1536/mms_smooth_2d/pinn_seed23.json
mms_smooth_2d,comparisons/resolution_N1536/mms_smooth_2d,fixed_source,37,enriched,32,3,2241,72.73745030000282,fixed,1200,800,1536,,,49.99984715369181,50.00000182863512,0.002636673756782057,0.008788911986883086,0.022316120072375156,-0.00015467494331034004,0.0005155831129406872,0.0012433303372105789,0.1062978480385768,True,0.002635980864250013,,,,,,,Benchmarks/comparisons/resolution_N1536/mms_smooth_2d/pinn_seed37.json
xlpe_single,comparisons/resolution_N1536/xlpe_single,coupled,11,multipole,32,3,2248,228.64518419999513,fixed,1200,1600,3013,100.0,,38.06429262873212,38.054698149353676,0.008175708876429749,0.04528299952066727,0.03882635572658444,0.0095944793784426,0.05314117854020209,0.0013464996838541154,0.03130510665446278,True,,270.0,,,0.0017507358086701849,,,Benchmarks/comparisons/resolution_N1536/xlpe_single/pinn_seed11.json
xlpe_single,comparisons/resolution_N1536/xlpe_single,coupled,23,multipole,32,3,2248,233.98186099999293,fixed,1200,1600,3029,100.0,,38.0676726148454,38.054698149353676,0.009141919803328548,0.05063457570823919,0.034283745277573274,0.012974465491723208,0.07186199062645458,0.0014179730357616357,0.023610533401082417,True,,270.0,,,0.0017541572083828827,,,Benchmarks/comparisons/resolution_N1536/xlpe_single/pinn_seed23.json
xlpe_single,comparisons/resolution_N1536/xlpe_single,coupled,37,multipole,32,3,2248,213.40359529999841,fixed,1200,1600,3034,100.0,,38.0521866056659,38.054698149353676,0.011135924759907193,0.0616788199270218,0.02736089024402233,-0.002511543687774065,0.013910748698193956,0.0013517729641844536,0.036314690354185435,True,,270.0,,,0.001755248577214292,,,Benchmarks/comparisons/resolution_N1536/xlpe_single/pinn_seed37.json
mms_smooth_2d,comparisons/resolution_N384/mms_smooth_2d,fixed_source,11,enriched,32,3,2241,32.2581283999898,fixed,1200,800,384,,,50.00044239335448,50.00000182863512,0.0036797424165869123,0.012265807307633507,0.01638225455051412,0.0004405647193621576,0.001468548975025851,0.01012069012737981,0.2540912642833508,True,0.0036803711002272093,,,,,,,Benchmarks/comparisons/resolution_N384/mms_smooth_2d/pinn_seed11.json
mms_smooth_2d,comparisons/resolution_N384/mms_smooth_2d,fixed_source,23,enriched,32,3,2241,32.108357799996156,fixed,1200,800,384,,,49.999968620411906,50.00000182863512,0.003117614172128688,0.010392046606986914,0.02692642243595955,-3.320822321484229e-05,0.00011069407063550547,0.00017097717159704934,0.1878962305938873,True,0.003117967548424389,,,,,,,Benchmarks/comparisons/resolution_N384/mms_smooth_2d/pinn_seed23.json
mms_smooth_2d,comparisons/resolution_N384/mms_smooth_2d,fixed_source,37,enriched,32,3,2241,31.822308300004806,fixed,1200,800,384,,,49.99862643547536,50.00000182863512,0.0050596470843616076,0.016865489253177823,0.028562014562080407,-0.001375393159761984,0.004584643586418604,0.00596973761674964,0.20335955575846856,True,0.005060140084519928,,,,,,,Benchmarks/comparisons/resolution_N384/mms_smooth_2d/pinn_seed37.json
xlpe_single,comparisons/resolution_N384/xlpe_single,coupled,11,multipole,32,3,2248,128.92778899999394,fixed,1200,1600,760,100.0,,38.06378137259486,38.054698149353676,0.00847927955394816,0.0469643938868715,0.03894507957496174,0.009083223241184157,0.050309471618108,0.0014251938337869429,0.031059556282004724,True,,270.0,,,0.0017522611077005637,,,Benchmarks/comparisons/resolution_N384/xlpe_single/pinn_seed11.json
xlpe_single,comparisons/resolution_N384/xlpe_single,coupled,23,multipole,32,3,2248,110.8581406000012,fixed,1200,1600,760,100.0,,38.070824661825874,38.054698149353676,0.015675546455813826,0.08682253409135494,0.06028616803361686,0.016126512472197874,0.08932031064044775,0.0016044185518345963,0.03580002032076535,True,,270.0,,,0.001743813389912299,,,Benchmarks/comparisons/resolution_N384/xlpe_single/pinn_seed23.json
xlpe_single,comparisons/resolution_N384/xlpe_single,coupled,37,multipole,32,3,2248,100.62599380000029,fixed,1200,1600,761,100.0,,38.05119612065619,38.054698149353676,0.012309271031269033,0.06817766173349003,0.030243170763359473,-0.0035020286974827286,0.01939677234431136,0.001381679048274112,0.03715617841304979,True,,270.0,,,0.0017581873647167234,,,Benchmarks/comparisons/resolution_N384/xlpe_single/pinn_seed37.json
mms_smooth_2d,comparisons/resolution_W16/mms_smooth_2d,fixed_source,11,enriched,16,3,609,46.50008689999231,fixed,1200,800,768,,,49.99761426111921,50.00000182863512,0.00655707781078073,0.02185692470365776,0.04065084336496483,-0.002387567515910405,0.007958557901258066,0.010095189472494319,0.2838479017766958,True,0.006556593627321004,,,,,,,Benchmarks/comparisons/resolution_W16/mms_smooth_2d/pinn_seed11.json
mms_smooth_2d,comparisons/resolution_W16/mms_smooth_2d,fixed_source,23,enriched,16,3,609,46.57431199999701,fixed,1200,800,768,,,50.00219180858807,50.00000182863512,0.005060626311754284,0.016868753344287786,0.028499689812782947,0.0021899799529521147,0.00729993273154327,0.0011730924866526484,0.2395285572995818,True,0.005059941569569488,,,,,,,Benchmarks/comparisons/resolution_W16/mms_smooth_2d/pinn_seed23.json
mms_smooth_2d,comparisons/resolution_W16/mms_smooth_2d,fixed_source,37,enriched,16,3,609,46.764295500004664,fixed,1200,800,768,,,49.99996561760821,50.00000182863512,0.015809419884512507,0.052698063069524057,0.09313746976956949,-3.6211026909427346e-05,0.00012070341567400765,0.0021031400306270585,0.42153031799474483,True,0.01580958156115013,,,,,,,Benchmarks/comparisons/resolution_W16/mms_smooth_2d/pinn_seed37.json
xlpe_single,comparisons/resolution_W16/xlpe_single,coupled,11,multipole,16,3,616,112.96947090000322,fixed,1200,1600,1515,100.0,,38.053112865413,38.054698149353676,0.00944038542641623,0.05228769458410567,0.03467776153360447,-0.0015852839406775843,0.008780451091254242,0.0014140275387188607,0.0407163877177937,True,,270.0,,,0.0017493334069761206,,,Benchmarks/comparisons/resolution_W16/xlpe_single/pinn_seed11.json
xlpe_single,comparisons/resolution_W16/xlpe_single,coupled,23,multipole,16,3,616,89.66211139998632,fixed,1200,1600,1523,100.0,,38.0619539458826,38.054698149353676,0.007666636137407179,0.04246338583999883,0.0444198905014872,0.007255796528923497,0.040187858411707876,0.0013393836785470438,0.02728042368000525,True,,270.0,,,0.0017482037462513715,,,Benchmarks/comparisons/resolution_W16/xlpe_single/pinn_seed23.json
xlpe_single,comparisons/resolution_W16/xlpe_single,coupled,37,multipole,16,3,616,98.08598599999095,fixed,1200,1600,1517,100.0,,38.07553537701853,38.054698149353676,0.024496096103945732,0.13567712902928064,0.09971320884448431,0.020837227664856073,0.11541166455669605,0.0021272985416469197,0.02914639606513918,True,,270.0,,,0.0017518272379101487,,,Benchmarks/comparisons/resolution_W16/xlpe_single/pinn_seed37.json
mms_smooth_2d,comparisons/resolution_W32/mms_smooth_2d,fixed_source,11,enriched,32,3,2241,52.44617709999147,fixed,1200,800,768,,,49.99966715819333,50.00000182863512,0.002575175784210546,0.00858391875747331,0.015325010031396857,-0.00033467044178792094,0.0011155680712941712,0.005291633105741762,0.22970303197863853,True,0.002575290142704037,,,,,,,Benchmarks/comparisons/resolution_W32/mms_smooth_2d/pinn_seed11.json
mms_smooth_2d,comparisons/resolution_W32/mms_smooth_2d,fixed_source,23,enriched,32,3,2241,52.33646209999279,fixed,1200,800,768,,,50.00081429796769,50.00000182863512,0.0020377598454262907,0.006792532404052192,0.014970559533530547,0.0008124693325726184,0.0027082309434965208,0.003410390499863541,0.22842522733317824,True,0.0020376801369916316,,,,,,,Benchmarks/comparisons/resolution_W32/mms_smooth_2d/pinn_seed23.json
mms_smooth_2d,comparisons/resolution_W32/mms_smooth_2d,fixed_source,37,enriched,32,3,2241,52.19366010000522,fixed,1200,800,768,,,50.00005049609337,50.00000182863512,0.004439410116710502,0.014798032820361589,0.033568554524524785,4.866745825182761e-05,0.00016222485095109004,0.0011679312786464864,0.12392455822429002,True,0.004439417009437777,,,,,,,Benchmarks/comparisons/resolution_W32/mms_smooth_2d/pinn_seed37.json
xlpe_single,comparisons/resolution_W32/xlpe_single,coupled,11,multipole,32,3,2248,214.11028850000002,fixed,1200,1600,1515,100.0,,38.061060260240396,38.054698149353676,0.0063160924632416566,0.034983096427274034,0.02732157283293546,0.006362110886719563,0.03523797979944247,0.0015952824552418526,0.02569226862664105,True,,270.0,,,0.0017498083644725817,,,Benchmarks/comparisons/resolution_W32/xlpe_single/pinn_seed11.json
xlpe_single,comparisons/resolution_W32/xlpe_single,coupled,23,multipole,32,3,2248,159.37647409999045,fixed,1200,1600,1523,100.0,,38.06655664295219,38.054698149353676,0.01007268461015233,0.055789825600119004,0.03557625828369737,0.011858493598516873,0.06568092969719011,0.0013057730295869367,0.02664119574155557,True,,270.0,,,0.001756420365773026,,,Benchmarks/comparisons/resolution_W32/xlpe_single/pinn_seed23.json
xlpe_single,comparisons/resolution_W32/xlpe_single,coupled,37,multipole,32,3,2248,169.27354829999967,fixed,1200,1600,1517,100.0,,38.05695153802135,38.054698149353676,0.008370126385776768,0.04635982455390096,0.028400507562011512,0.0022533886676754378,0.01248089914899023,0.0014358992736767304,0.03189169678968105,True,,270.0,,,0.0017502403236670915,,,Benchmarks/comparisons/resolution_W32/xlpe_single/pinn_seed37.json
mms_smooth_2d,comparisons/resolution_W64/mms_smooth_2d,fixed_source,11,enriched,64,3,8577,94.25189800000226,fixed,1200,800,768,,,49.99895836389277,50.00000182863512,0.0025031315298391765,0.00834377125754015,0.01414204549953979,-0.0010434647423522847,0.0034782155958280425,0.0032561336028654347,0.19715075354381129,True,0.002503067009444456,,,,,,,Benchmarks/comparisons/resolution_W64/mms_smooth_2d/pinn_seed11.json
mms_smooth_2d,comparisons/resolution_W64/mms_smooth_2d,fixed_source,23,enriched,64,3,8577,94.31445040000835,fixed,1200,800,768,,,50.00036696289791,50.00000182863512,0.0025501323515865456,0.008500440653815007,0.022536056178694253,0.0003651342627861709,0.0012171141350986478,0.004715495630899603,0.24528095764442234,True,0.0025496118070725423,,,,,,,Benchmarks/comparisons/resolution_W64/mms_smooth_2d/pinn_seed23.json
mms_smooth_2d,comparisons/resolution_W64/mms_smooth_2d,fixed_source,37,enriched,64,3,8577,94.21129150000343,fixed,1200,800,768,,,49.9990957157582,50.00000182863512,0.00161305957752288,0.005376864930665465,0.008506221749389198,-0.0009061128769189963,0.003020376072291129,0.0021268814952909057,0.1079195993337875,True,0.0016130219315100517,,,,,,,Benchmarks/comparisons/resolution_W64/mms_smooth_2d/pinn_seed37.json
xlpe_single,comparisons/resolution_W64/xlpe_single,coupled,11,multipole,64,3,8584,291.6860435999988,fixed,1200,1600,1515,100.0,,38.07138250214278,38.054698149353676,0.010606821033000138,0.058748260121866624,0.0289551194255111,0.01668435278910607,0.09241003450231229,0.0014786210790410479,0.026187947731438357,True,,270.0,,,0.0017554795125186912,,,Benchmarks/comparisons/resolution_W64/xlpe_single/pinn_seed11.json
xlpe_single,comparisons/resolution_W64/xlpe_single,coupled,23,multipole,64,3,8584,419.6718120000005,fixed,1200,1600,1523,100.0,,38.062258786956754,38.054698149353676,0.01031909018706553,0.057154598219826415,0.05949791149086181,0.00756063760307768,0.04187628915495514,0.0012586770933623588,0.027274779936257536,True,,270.0,,,0.0017512244584428592,,,Benchmarks/comparisons/resolution_W64/xlpe_single/pinn_seed23.json
xlpe_single,comparisons/resolution_W64/xlpe_single,coupled,37,multipole,64,3,8584,336.9224314000021,fixed,1200,1600,1517,100.0,,38.07021346115334,38.054698149353676,0.01046874185777485,0.05798347760330522,0.04457520782453983,0.01551531179966048,0.08593503846651626,0.0012696299684682559,0.027594683256418406,True,,270.0,,,0.001754501055865638,,,Benchmarks/comparisons/resolution_W64/xlpe_single/pinn_seed37.json
aras_flat,coupled_final/aras_flat,coupled,11,multipole,32,3,2262,91.29271539999172,fixed,1200,1600,1529,100.0,,54.451783533935064,54.44695332073345,0.01268658819171482,0.036829347645322315,0.05028310535686131,0.004830213201614697,0.014022178265348698,0.003760845736439454,0.06586366121992986,True,,1110.0,,,0.0023959951884683865,,,Benchmarks/coupled_final/aras_flat/pinn_seed11.json
aras_flat,coupled_final/aras_flat,coupled,23,multipole,32,3,2262,96.70511000000988,fixed,1200,1600,1530,100.0,,54.44748028268833,54.44695332073345,0.011426422632777235,0.033171068937175724,0.06088835451200225,0.0005269619548826654,0.001529778119928794,0.0026245381178189088,0.04656106448037014,True,,1110.0,,,0.0023152816093750745,,,Benchmarks/coupled_final/aras_flat/pinn_seed23.json
aras_flat,coupled_final/aras_flat,coupled,37,multipole,32,3,2262,91.27373329999682,fixed,1200,1600,1532,100.0,,54.44945306084851,54.44695332073345,0.012147655649773888,0.035264818739317284,0.05892897678753428,0.0024997401150628207,0.0072567814395307914,0.0035857187725229995,0.06877834336660077,True,,1110.0,,,0.002678949459357115,,,Benchmarks/coupled_final/aras_flat/pinn_seed37.json
aras_single,coupled_final/aras_single,coupled,11,multipole,32,3,2248,76.40748039999744,fixed,1200,1600,1536,100.0,,71.87383640864674,71.86137063020149,0.009795462880097972,0.018887782488327794,0.035810896521180524,0.012465778445246656,0.024036731566803606,0.0026431964120836654,0.03155921518391603,True,,1657.0,,,0.0051778644397466435,,,Benchmarks/coupled_final/aras_single/pinn_seed11.json
aras_single,coupled_final/aras_single,coupled,23,multipole,32,3,2248,80.96927900001174,fixed,1200,1600,1536,100.0,,71.8677011384434,71.86137063020149,0.008023683337307292,0.015471406250560404,0.03142225546774213,0.006330508241902066,0.01220659648014681,0.0025662620792349664,0.02901485252891336,True,,1657.0,,,0.005243898410543285,,,Benchmarks/coupled_final/aras_single/pinn_seed23.json
aras_single,coupled_final/aras_single,coupled,37,multipole,32,3,2248,87.44042679999257,fixed,1200,1600,1536,100.0,,71.86142265377677,71.86137063020149,0.007900631449870663,0.015234135453546472,0.034965495960456394,5.202357527878121e-05,0.000100312765834394,0.0030069069756689794,0.0342433969654606,True,,1657.0,,,0.005215001039531872,,,Benchmarks/coupled_final/aras_single/pinn_seed37.json
kim_layered,coupled_final/kim_layered,coupled,11,multipole,32,3,2283,155.95317719999002,fixed,1200,1600,2243,100.0,,50.317220421865166,50.82532735283939,0.3792958310901566,1.230468136635113,1.1870592306888916,-0.5081069309742219,1.6483423684628578,0.023033150523576112,4.1531989892361105,True,,1026.0,,,0.09234002541321054,,,Benchmarks/coupled_final/kim_layered/pinn_seed11.json
kim_layered,coupled_final/kim_layered,coupled,23,multipole,32,3,2283,156.9587412999972,fixed,1200,1600,2242,100.0,,48.65504274740648,50.82532735283939,0.79579722552742,2.581634304863651,2.291373714121768,-2.1702846054329044,7.040588995506628,0.2394410528914977,5.2978183619542385,False,,1026.0,,,0.323651913514667,,,Benchmarks/coupled_final/kim_layered/pinn_seed23.json
kim_layered,coupled_final/kim_layered,coupled,37,multipole,32,3,2283,166.12862249999307,fixed,1200,1600,2233,100.0,,49.23182463019032,50.82532735283939,0.5035880274203685,1.633682658601132,1.5882612502010005,-1.5935027226490703,5.169459206091089,0.04525460585634943,4.1933205899524095,False,,1026.0,,,0.165409314747989,,,Benchmarks/coupled_final/kim_layered/pinn_seed37.json
kim_pac,coupled_final/kim_pac,coupled,11,multipole,32,3,2283,176.76495409999916,fixed,1200,1600,2243,100.0,,51.249732532503124,52.52898448143245,0.5704080855974093,1.7535379437467478,1.5697952059214018,-1.2792519489293284,3.9326525845266564,0.026437585129420675,4.009401232678749,True,,1026.0,,,0.07658006746876146,,,Benchmarks/coupled_final/kim_pac/pinn_seed11.json
kim_pac,coupled_final/kim_pac,coupled,23,multipole,32,3,2283,224.08056649999344,fixed,1200,1600,2242,100.0,,50.60733328070117,52.52898448143245,0.7064271372013979,2.1716851861902624,2.610743102021811,-1.921651200731283,5.907504434478001,0.17539987572670745,4.326472943081901,False,,1026.0,,,0.16580031315766122,,,Benchmarks/coupled_final/kim_pac/pinn_seed23.json
kim_pac,coupled_final/kim_pac,coupled,37,multipole,32,3,2283,227.63694670000405,fixed,1200,1600,2233,100.0,,50.71070976767736,52.52898448143245,0.6757562738085833,2.077397387533893,2.514976223890379,-1.8182747137550948,5.589706358011164,0.02385445287672099,4.502098630123252,False,,1026.0,,,0.10089185540410182,,,Benchmarks/coupled_final/kim_pac/pinn_seed37.json
kim_sand,coupled_final/kim_sand,coupled,11,multipole,32,3,2283,217.03164580000157,fixed,1200,1600,1504,100.0,,55.91665808082452,55.95678384249449,0.044978799533612925,0.1250912754895949,0.14818430752650613,-0.040125761669969506,0.11159441246396468,0.01315370249318695,0.32429198542008825,True,,1026.0,,,0.0030129063571498827,,,Benchmarks/coupled_final/kim_sand/pinn_seed11.json
kim_sand,coupled_final/kim_sand,coupled,23,multipole,32,3,2283,221.7878064999968,fixed,1200,1600,1502,100.0,,55.88717789226919,55.95678384249449,0.05384551688863347,0.1497506482351119,0.12105894757877778,-0.06960595022529503,0.19358224731721765,0.002370516431023993,0.31908745236967945,True,,1026.0,,,0.005041144868394811,,,Benchmarks/coupled_final/kim_sand/pinn_seed23.json
kim_sand,coupled_final/kim_sand,coupled,37,multipole,32,3,2283,242.52622749999864,fixed,1200,1600,1492,100.0,,55.95031184181082,55.95678384249449,0.05036471376198888,0.14007012969404342,0.2117527398069683,-0.006472000683665158,0.017999387019748996,0.014583773842913364,0.2532033939514668,True,,1026.0,,,0.0015295226324448174,,,Benchmarks/coupled_final/kim_sand/pinn_seed37.json
xlpe_backfill,coupled_final/xlpe_backfill,coupled,11,multipole,32,3,2248,195.93924009999319,fixed,1200,1600,2283,100.0,,34.18741929284765,34.28768027246164,0.2075337344834262,1.4525362446934849,1.7598585477470614,-0.10026097961399216,0.7017302858269943,0.08837386947408082,1.8526077508578727,True,,270.0,,,0.05673266517551951,,,Benchmarks/coupled_final/xlpe_backfill/pinn_seed11.json
xlpe_backfill,coupled_final/xlpe_backfill,coupled,23,multipole,32,3,2248,232.62310280000384,fixed,1200,1600,2291,100.0,,34.23316344251285,34.28768027246164,0.3053349800089832,2.137050761119647,1.4755431485234674,-0.054516829948795476,0.38156529897909525,0.030692332265364775,2.0178698227880414,True,,270.0,,,0.05870554498581886,,,Benchmarks/coupled_final/xlpe_backfill/pinn_seed23.json
xlpe_backfill,coupled_final/xlpe_backfill,coupled,37,multipole,32,3,2248,254.90372610000486,fixed,1200,1600,2285,100.0,,33.838468825982616,34.28768027246164,0.26571319399047905,1.8597364227321065,0.9607733977007484,-0.4492114464790262,3.1440474444605626,0.012517906332483139,1.8354849040158099,True,,270.0,,,0.0890183341204814,,,Benchmarks/coupled_final/xlpe_backfill/pinn_seed37.json
xlpe_discrete_layers,coupled_final/xlpe_discrete_layers,coupled,11,multipole,32,3,4489,373.5839549999946,fixed,1200,1600,1515,100.0,,38.64390209720454,38.65179148094741,0.046060746324762356,0.2469507895357552,0.4725580187869127,-0.007889383742870848,0.04229826261423608,3.309111163995023e-05,0.1236508529647476,True,,270.0,,,0.00015972462094210546,,,Benchmarks/coupled_final/xlpe_discrete_layers/pinn_seed11.json
xlpe_discrete_layers,coupled_final/xlpe_discrete_layers,coupled,23,multipole,32,3,4489,364.43354929999623,fixed,1200,1600,1523,100.0,,38.58131215785321,38.65179148094741,0.07383913858365292,0.39588228647676416,0.46442065018918655,-0.07047932309419735,0.3778689203457543,0.003264753130630026,0.1519924105408637,True,,270.0,,,0.0010941300941795537,,,Benchmarks/coupled_final/xlpe_discrete_layers/pinn_seed23.json
xlpe_discrete_layers,coupled_final/xlpe_discrete_layers,coupled,37,multipole,32,3,4489,358.0025070999982,fixed,1200,1600,1517,100.0,,38.569505834227016,38.65179148094741,0.048077380545537576,0.2577628030779138,0.5132530065707641,-0.0822856467203934,0.44116752433377376,0.002843111171163122,0.10733905791530537,True,,270.0,,,0.001682463104955158,,,Benchmarks/coupled_final/xlpe_discrete_layers/pinn_seed37.json
xlpe_dry_far,coupled_final/xlpe_dry_far,coupled,11,multipole,32,3,2248,228.3417047999974,fixed,1200,1600,2283,100.0,,37.92135662227028,38.09626338463749,0.14037567410221755,0.7757163515943687,0.6210524168419411,-0.1749067623672076,0.9665352379634996,0.005333373433301879,0.4055572822697457,True,,270.0,,,0.001156378487628682,,,Benchmarks/coupled_final/xlpe_dry_far/pinn_seed11.json
xlpe_dry_far,coupled_final/xlpe_dry_far,coupled,23,multipole,32,3,2248,256.2130571000016,fixed,1200,1600,2291,100.0,,37.829887812893745,38.09626338463749,0.15985581526451764,0.8833636639054695,0.660429221483934,-0.26637557174374393,1.4719921239092866,0.01149214543557431,0.3174179147591005,True,,270.0,,,0.0024783812940927124,,,Benchmarks/coupled_final/xlpe_dry_far/pinn_seed23.json
xlpe_dry_far,coupled_final/xlpe_dry_far,coupled,37,multipole,32,3,2248,253.48591329999908,fixed,1200,1600,2285,100.0,,37.89424190513138,38.09626338463749,0.19783286385789098,1.0932249362917528,0.8583934720687267,-0.20202147950610794,1.1163712375982027,0.006654536760852313,0.36364415181305537,True,,270.0,,,0.0029646172425359793,,,Benchmarks/coupled_final/xlpe_dry_far/pinn_seed37.json
xlpe_dry_large,coupled_final/xlpe_dry_large,coupled,11,multipole,32,3,2248,256.7185576999909,fixed,1200,1600,2283,100.0,,46.69964662128294,47.5524604310237,0.4570973773116687,1.6590074721493233,2.3004994416584523,-0.8528138097407592,3.095236492130127,0.01632422655136873,1.672989544984948,True,,270.0,,,0.057987120237054116,,,Benchmarks/coupled_final/xlpe_dry_large/pinn_seed11.json
xlpe_dry_large,coupled_final/xlpe_dry_large,coupled,23,multipole,32,3,2248,262.6748426999984,fixed,1200,1600,2291,100.0,,47.011473099999066,47.5524604310237,0.34600815025377246,1.2558157959068221,1.8518628121846348,-0.5409873310246311,1.9634810197040942,0.007190822202618003,1.1522128426609655,True,,270.0,,,0.006588961054842337,,,Benchmarks/coupled_final/xlpe_dry_large/pinn_seed23.json
xlpe_dry_large,coupled_final/xlpe_dry_large,coupled,37,multipole,32,3,2248,249.90123109999695,fixed,1200,1600,2285,100.0,,46.37171049925168,47.5524604310237,0.5467669425390221,1.9844577725021246,3.0762978709592943,-1.18074993177202,4.285460947228189,0.0329840062425335,1.6848700238991152,True,,270.0,,,0.09684199387103828,,,Benchmarks/coupled_final/xlpe_dry_large/pinn_seed37.json
xlpe_dry_near,coupled_final/xlpe_dry_near,coupled,11,multipole,32,3,2248,243.31787529999565,fixed,1200,1600,2283,100.0,,45.00778886190737,45.13430368686792,0.13571825716761027,0.5399722182815824,0.4926756064139326,-0.12651482496055166,0.503355201467756,0.013314700201642266,0.570851269605431,True,,270.0,,,0.01106305703428578,,,Benchmarks/coupled_final/xlpe_dry_near/pinn_seed11.json
xlpe_dry_near,coupled_final/xlpe_dry_near,coupled,23,multipole,32,3,2248,239.61555889999727,fixed,1200,1600,2291,100.0,,44.831913904297,45.13430368686792,0.12258328175693749,0.4877130605411772,0.9009551267105138,-0.30238978257092697,1.2030959215668204,0.03110737391810379,0.7675465676014862,True,,270.0,,,0.005096000346924906,,,Benchmarks/coupled_final/xlpe_dry_near/pinn_seed23.json
xlpe_dry_near,coupled_final/xlpe_dry_near,coupled,37,multipole,32,3,2248,224.98554490000242,fixed,1200,1600,2285,100.0,,44.96248937309653,45.13430368686792,0.10054242381625308,0.4000207249377038,0.6143724933675294,-0.17181431377139234,0.6835849359978937,0.032508679138573554,0.7911908647060626,True,,270.0,,,0.03477831566865099,,,Benchmarks/coupled_final/xlpe_dry_near/pinn_seed37.json
xlpe_single,coupled_final/xlpe_single,coupled,11,multipole,32,3,2248,261.3354093999951,fixed,1200,1600,1515,100.0,,38.061060260240396,38.054698149353676,0.0063160924632416566,0.034983096427274034,0.02732157283293546,0.006362110886719563,0.03523797979944247,0.0015952824552418526,0.02569226862664105,True,,270.0,,,0.0017498083644725817,,,Benchmarks/coupled_final/xlpe_single/pinn_seed11.json
xlpe_single,coupled_final/xlpe_single,coupled,23,multipole,32,3,2248,202.45757139999478,fixed,1200,1600,1523,100.0,,38.06655664295219,38.054698149353676,0.01007268461015233,0.055789825600119004,0.03557625828369737,0.011858493598516873,0.06568092969719011,0.0013057730295869367,0.02664119574155557,True,,270.0,,,0.001756420365773026,,,Benchmarks/coupled_final/xlpe_single/pinn_seed23.json
xlpe_single,coupled_final/xlpe_single,coupled,37,multipole,32,3,2248,203.3468961000035,fixed,1200,1600,1517,100.0,,38.05695153802135,38.054698149353676,0.008370126385776768,0.04635982455390096,0.028400507562011512,0.0022533886676754378,0.01248089914899023,0.0014358992736767304,0.03189169678968105,True,,270.0,,,0.0017502403236670915,,,Benchmarks/coupled_final/xlpe_single/pinn_seed37.json
kim_sand,coupled_pilot/kim_sand,coupled,5,multipole,32,3,2283,129.17189530000906,fixed,1200,1600,1492,100.0,,55.89043098309993,55.95678384249449,0.038029946121311435,0.10576570554223717,0.173429548195287,-0.06635285939455571,0.18453502316894788,0.010219057373706096,0.22796796446708403,True,,1026.0,,,0.0031940510569675,,,Benchmarks/coupled_pilot/kim_sand/pinn_seed5.json
xlpe_single,coupled_pilot/xlpe_single,coupled,5,multipole,32,3,2248,49.69227729999693,fixed,1200,1600,1516,100.0,,38.06403088628955,38.054698149353676,0.0112622929133181,0.062378738321478215,0.04293750279606812,0.009332736935874664,0.05169145924607307,0.0012597482521561644,0.021426101612251183,True,,270.0,,,0.0017465043975110393,,,Benchmarks/coupled_pilot/xlpe_single/pinn_seed5.json
mms_constant,reproduced_entrypoint/mms_constant,fixed_source,11,enriched,32,3,2241,80.36877689999528,fixed,1200,800,768,,,49.999845773580425,50.00000169302059,0.001986508249116582,0.006621693790033142,0.011967765285078258,-0.0001559194401679065,0.0005197314378958207,0.002254790514015779,0.13414095182202362,True,0.001986317671842009,,,,,,,Benchmarks/reproduced_entrypoint/mms_constant/pinn_seed11.json
xlpe_single,reproduced_entrypoint/xlpe_single,coupled,11,multipole,32,3,2248,353.69278069998836,fixed,1200,1600,1515,100.0,,38.061060260240396,38.054698149353676,0.006316092463241654,0.03498309642727401,0.02732157283293546,0.006362110886719563,0.03523797979944247,0.0015952824552418526,0.02569226862664105,True,,270.0,,,0.0017498083644725817,,,Benchmarks/reproduced_entrypoint/xlpe_single/pinn_seed11.json
mms_constant,reproducibility_runs/mms_constant,fixed_source,11,enriched,32,3,2241,83.88334190000023,fixed,1200,800,768,,,49.999845773580425,50.00000169302059,0.001986508249116658,0.006621693790033395,0.011967765285078258,-0.0001559194401679065,0.0005197314378958207,0.002254790514015779,0.13414095182202362,True,0.001986317671842009,,,,,,,Benchmarks/reproducibility_runs/mms_constant/pinn_seed11.json
xlpe_single,reproducibility_runs/xlpe_single,coupled,11,multipole,32,3,2248,323.9716543999966,fixed,1200,1600,1515,100.0,,38.061060260240396,38.054698149353676,0.0063160924632416566,0.034983096427274034,0.02732157283293546,0.006362110886719563,0.03523797979944247,0.0015952824552418526,0.02569226862664105,True,,270.0,,,0.0017498083644725817,,,Benchmarks/reproducibility_runs/xlpe_single/pinn_seed11.json
annulus,results/annulus,fixed_source,11,enriched,32,3,2209,19.705575799991493,fixed,1200,800,768,,,49.57563217055082,49.57520070474279,0.0002372179303700148,0.0008020839240897312,0.0027739270768165625,0.0004314658080275535,0.0014588770244874857,9.366170072453029e-05,6.745486816119462e-05,True,0.00017844495351026005,,,,,,,Benchmarks/results/annulus/pinn_seed11.json
annulus,results/annulus,fixed_source,23,enriched,32,3,2209,24.353226199993514,fixed,1200,800,768,,,49.57554195324806,49.57520070474279,0.000153637128519273,0.0005194795803858574,0.002464430271352569,0.00034124850527206263,0.0011538332695653988,3.667858094529009e-05,7.131250011747288e-06,True,7.164402230869173e-06,,,,,,,Benchmarks/results/annulus/pinn_seed23.json
annulus,results/annulus,fixed_source,37,enriched,32,3,2209,37.88513300000341,fixed,1200,800,768,,,49.57568926299968,49.57520070474279,0.0005133250607299587,0.0017356604469218023,0.003544044613839503,0.0004885582568903146,0.0016519186522780472,0.0007678755225797526,0.00012813230954570115,True,0.0004864472814561419,,,,,,,Benchmarks/results/annulus/pinn_seed37.json
aras_flat,results/aras_flat,fixed_source,11,enriched,32,3,2241,50.97540460000164,fixed,1200,800,1529,,,48.460882255882765,50.43617013400312,3.6132281128864174,11.871494005251794,9.18181285061458,-1.975287878120355,6.4899357226078,57.35700835715916,10.815529647080485,False,,,,,,,,Benchmarks/results/aras_flat/pinn_seed11.json
aras_flat,results/aras_flat,fixed_source,23,enriched,32,3,2241,50.25965989999531,fixed,1200,800,1530,,,47.584435199835426,50.43617013400312,3.841375349163177,12.621086464724462,9.689056478611455,-2.8517349341676947,9.369559052969521,50.99423395279439,13.183411558119372,False,,,,,,,,Benchmarks/results/aras_flat/pinn_seed23.json
aras_flat,results/aras_flat,fixed_source,37,enriched,32,3,2241,50.54787809999834,fixed,1200,800,1532,,,49.04118612829028,50.43617013400312,4.007859853871358,13.168082042601673,9.717983309599173,-1.3949840057128426,4.583309922276897,75.26374363470893,10.7768227338112,False,,,,,,,,Benchmarks/results/aras_flat/pinn_seed37.json
aras_single,results/aras_single,fixed_source,11,enriched,32,3,2241,51.68552110000746,fixed,1200,800,1536,,,61.88690620274903,63.080840986633646,0.9423121308138026,2.187311364479088,2.1862515664784468,-1.1939347838846146,2.7713822584267733,50.77133930946774,0.8470349363846362,False,,,,,,,,Benchmarks/results/aras_single/pinn_seed11.json
aras_single,results/aras_single,fixed_source,23,enriched,32,3,2241,45.72247060001246,fixed,1200,800,1536,,,61.91013187763127,63.080840986633646,0.9095699846322279,2.111309723304689,2.0685179042688233,-1.1707091090023738,2.7174704165259924,45.968075321016165,0.8095403893537914,False,,,,,,,,Benchmarks/results/aras_single/pinn_seed23.json
aras_single,results/aras_single,fixed_source,37,enriched,32,3,2241,49.22914549999405,fixed,1200,800,1536,,,61.89403445863107,63.080840986633646,0.9268576847486296,2.1514382345418896,2.1882155463634447,-1.1868065280025775,2.7548360264619687,49.114440049627,0.8372486491031097,False,,,,,,,,Benchmarks/results/aras_single/pinn_seed37.json
kim_layered,results/kim_layered,fixed_source,11,enriched,32,3,2241,165.5556887999992,fixed,1200,800,2243,,,34.317928706661306,47.61159141891281,3.1092206154895945,11.260562885773783,14.68197323556345,-13.293662712251503,48.14522462890672,59.86775839097325,19.61594313810406,False,,,,,,,,Benchmarks/results/kim_layered/pinn_seed11.json
kim_layered,results/kim_layered,fixed_source,23,enriched,32,3,2241,144.7647039000003,fixed,1200,800,2242,,,34.58304517278568,47.61159141891281,3.0725155666172475,11.127629407527378,14.365220662357093,-13.028546246127128,47.18506097118005,59.59336885074584,18.720310251129508,False,,,,,,,,Benchmarks/results/kim_layered/pinn_seed23.json
kim_layered,results/kim_layered,fixed_source,37,enriched,32,3,2241,149.7532457000052,fixed,1200,800,2233,,,34.36658420819316,47.61159141891281,3.1842703774515746,11.532368160679358,14.602749694504322,-13.245007210719649,47.96901058606627,82.6015494279649,19.032847102532486,False,,,,,,,,Benchmarks/results/kim_layered/pinn_seed37.json
kim_pac,results/kim_pac,fixed_source,11,enriched,32,3,2241,133.13837609998882,fixed,1200,800,2243,,,34.85384385123349,48.97171248576298,3.3720108385807865,11.63897660601813,15.47452321628176,-14.117868634529486,48.72983825677258,56.43884630610888,19.399757880041506,False,,,,,,,,Benchmarks/results/kim_pac/pinn_seed11.json
kim_pac,results/kim_pac,fixed_source,23,enriched,32,3,2241,141.6807106000051,fixed,1200,800,2242,,,35.460820799263246,48.97171248576298,3.226356873591203,11.136231160573166,14.836574853751657,-13.510891686499733,46.63477070310958,50.73088875197389,18.75949835726267,False,,,,,,,,Benchmarks/results/kim_pac/pinn_seed23.json
kim_pac,results/kim_pac,fixed_source,37,enriched,32,3,2241,150.7843833999941,fixed,1200,800,2233,,,35.67368518140775,48.97171248576298,3.0750089138764336,10.613832079783089,14.622617553408354,-13.29802730435523,45.90003891171441,53.49453055303145,19.4127163734247,False,,,,,,,,Benchmarks/results/kim_pac/pinn_seed37.json
kim_sand,results/kim_sand,fixed_source,11,enriched,32,3,2241,61.69504289999895,fixed,1200,800,1504,,,38.64103187950724,51.70060791340123,2.6912182178869646,8.489484571522269,15.256867854459887,-13.05957603389399,41.19661070718186,28.856569350803042,17.67090241807828,False,,,,,,,,Benchmarks/results/kim_sand/pinn_seed11.json
kim_sand,results/kim_sand,fixed_source,23,enriched,32,3,2241,62.39623309999297,fixed,1200,800,1502,,,39.78591383885157,51.70060791340123,2.3672801127243575,7.467617400875158,14.218156669180232,-11.914694074549658,37.58506495237524,25.686363276358986,17.488183975440442,False,,,,,,,,Benchmarks/results/kim_sand/pinn_seed23.json
kim_sand,results/kim_sand,fixed_source,37,enriched,32,3,2241,91.21343880001223,fixed,1200,800,1492,,,39.55719668674948,51.70060791340123,2.399893475357081,7.570496698085532,14.514319898480586,-12.14341122665175,38.306556327956734,21.562962837582987,17.935914777507957,False,,,,,,,,Benchmarks/results/kim_sand/pinn_seed37.json
mms_constant,results/mms_constant,fixed_source,11,enriched,32,3,2241,18.76910969999153,fixed,1200,800,768,,,49.9999583155431,50.00000169302059,0.0019125108463485115,0.006375035794726143,0.014108808383195282,-4.337747749616483e-05,0.0001445915834939985,0.001810048472326759,0.13021337895653926,True,0.001912406262970618,,,,,,,Benchmarks/results/mms_constant/pinn_seed11.json
mms_constant,results/mms_constant,fixed_source,23,enriched,32,3,2241,25.574402099999133,fixed,1200,800,768,,,49.99941200229679,50.00000169302059,0.0031489529305982846,0.010496509176300742,0.01709146575404219,-0.0005896907237996629,0.001965635635070156,0.0030966247860320074,0.1380166919962922,True,0.003148966699339017,,,,,,,Benchmarks/results/mms_constant/pinn_seed23.json
mms_constant,results/mms_constant,fixed_source,37,enriched,32,3,2241,50.746792399993865,fixed,1200,800,768,,,50.00095892785095,50.00000169302059,0.002857536030965017,0.009525119565675939,0.016763220929529865,0.0009572348303592548,0.003190782587795495,0.0014477483855538736,0.13718136190324315,True,0.0028566954626118033,,,,,,,Benchmarks/results/mms_constant/pinn_seed37.json
mms_high_contrast,results/mms_high_contrast,fixed_source,11,enriched,32,3,2241,39.835107099992456,fixed,1200,800,768,,,49.99968631280842,50.0000020011561,0.002941445927170412,0.009804819103202255,0.01875154254945599,-0.0003156883476762573,0.0010522944220606777,0.008304895042532852,1.0955096608122774,True,0.002940991173737622,,,,,,,Benchmarks/results/mms_high_contrast/pinn_seed11.json
mms_high_contrast,results/mms_high_contrast,fixed_source,23,enriched,32,3,2241,52.20265019999351,fixed,1200,800,768,,,49.99965923742142,50.0000020011561,0.0019370258947727383,0.0064567525518768034,0.010180934643166495,-0.000342763734678897,0.0011425457060492464,0.0020142391962525174,0.7965769958973989,True,0.0019364678976752214,,,,,,,Benchmarks/results/mms_high_contrast/pinn_seed23.json
mms_high_contrast,results/mms_high_contrast,fixed_source,37,enriched,32,3,2241,49.7979742000025,fixed,1200,800,768,,,50.00074318862866,50.0000020011561,0.0029719991645887475,0.009906663221136506,0.016375808204159625,0.0007411874725633538,0.002470624743740987,0.00026724180278585834,0.6529762140083506,True,0.00297129498157812,,,,,,,Benchmarks/results/mms_high_contrast/pinn_seed37.json
mms_interface,results/mms_interface,fixed_source,11,enriched,32,3,4482,50.43280589999631,fixed,1200,800,768,,,32.49533958285904,32.5,0.0022003243594650303,0.017602594875720242,0.010823128239366042,-0.004660417140961215,0.03728333712768972,0.007668871040409709,0.1261609373699344,True,0.0022003165403935232,,,,,,,Benchmarks/results/mms_interface/pinn_seed11.json
mms_interface,results/mms_interface,fixed_source,23,enriched,32,3,4482,59.88599599999725,fixed,1200,800,768,,,32.49481834836753,32.5,0.0023071567047419656,0.018457253637935725,0.011044564642084254,-0.0051816516324691975,0.04145321305975358,0.0038861340693602214,0.12542791500587164,True,0.0023072257744147905,,,,,,,Benchmarks/results/mms_interface/pinn_seed23.json
mms_interface,results/mms_interface,fixed_source,37,enriched,32,3,4482,58.422517200000584,fixed,1200,800,768,,,32.49612863658716,32.5,0.0029585176033942212,0.02366814082715377,0.016522987768297526,-0.0038713634128413332,0.030970907302730666,0.0043581596361190605,0.1305494177361816,True,0.0029586186899583805,,,,,,,Benchmarks/results/mms_interface/pinn_seed37.json
mms_layered_y,results/mms_layered_y,fixed_source,11,enriched,32,3,4482,124.21345239999937,fixed,1200,800,768,,,32.49089568086879,32.5,0.004023794506980397,0.032190356055843174,0.01818920781301614,-0.009104319131211014,0.07283455304968811,0.0004434485479344386,0.15181184485920932,True,0.004023754697827231,,,,,,,Benchmarks/results/mms_layered_y/pinn_seed11.json
mms_layered_y,results/mms_layered_y,fixed_source,23,enriched,32,3,4482,161.1165597000072,fixed,1200,800,768,,,32.497272843748064,32.5,0.002578580924178386,0.02062864739342709,0.01515334924354761,-0.0027271562519359804,0.021817250015487843,0.006661670162013877,0.13727784774266524,True,0.0025785682024073017,,,,,,,Benchmarks/results/mms_layered_y/pinn_seed23.json
mms_layered_y,results/mms_layered_y,fixed_source,37,enriched,32,3,4482,169.51470010000048,fixed,1200,800,768,,,32.49839681870845,32.5,0.0023373114079792254,0.018698491263833803,0.011360387535486183,-0.0016031812915500154,0.012825450332400123,0.0004672670992043172,0.09921854268099807,True,0.0023372756196020365,,,,,,,Benchmarks/results/mms_layered_y/pinn_seed37.json
mms_robin,results/mms_robin,fixed_source,11,enriched,32,3,2241,31.15103100000124,fixed,1200,800,768,,,34.99974922276094,35.00000425492197,0.0011822184805696753,0.0078814543014663,0.005672651386980476,-0.00025503216102862325,0.0017002139245723164,0.00038900588797395765,0.024956862004771364,True,0.0011822187702074472,,,,,,,Benchmarks/results/mms_robin/pinn_seed11.json
mms_robin,results/mms_robin,fixed_source,23,enriched,32,3,2241,31.876127099996665,fixed,1200,800,768,,,34.99989455354519,35.00000425492197,0.0004732217881428335,0.0031548110260539073,0.002773862806030536,-0.00010970137677901448,0.0007313423044064673,0.0015544957722902887,0.027180561799171134,True,0.000473195679752666,,,,,,,Benchmarks/results/mms_robin/pinn_seed23.json
mms_robin,results/mms_robin,fixed_source,37,enriched,32,3,2241,31.15188180000405,fixed,1200,800,768,,,34.99971204917028,35.00000425492197,0.000772566630067219,0.005150442739465996,0.004076329584666638,-0.0002922057516911991,0.001948037792024741,0.00010975780666752953,0.019011917789464258,True,0.0007725331989331258,,,,,,,Benchmarks/results/mms_robin/pinn_seed37.json
mms_smooth_2d,results/mms_smooth_2d,fixed_source,11,enriched,32,3,2241,49.95004799999879,fixed,1200,800,768,,,49.99966715819333,50.00000182863512,0.002575175784210546,0.00858391875747331,0.015325010031396857,-0.00033467044178792094,0.0011155680712941712,0.005291633105741762,0.22970303197863853,True,0.002575290142704037,,,,,,,Benchmarks/results/mms_smooth_2d/pinn_seed11.json
mms_smooth_2d,results/mms_smooth_2d,fixed_source,23,enriched,32,3,2241,39.23667860000569,fixed,1200,800,768,,,50.00081429796769,50.00000182863512,0.0020377598454262907,0.006792532404052192,0.014970559533530547,0.0008124693325726184,0.0027082309434965208,0.003410390499863541,0.22842522733317824,True,0.0020376801369916316,,,,,,,Benchmarks/results/mms_smooth_2d/pinn_seed23.json
mms_smooth_2d,results/mms_smooth_2d,fixed_source,37,enriched,32,3,2241,36.96477019999293,fixed,1200,800,768,,,50.00005049609337,50.00000182863512,0.004439410116710502,0.014798032820361589,0.033568554524524785,4.866745825182761e-05,0.00016222485095109004,0.0011679312786464864,0.12392455822429002,True,0.004439417009437777,,,,,,,Benchmarks/results/mms_smooth_2d/pinn_seed37.json
mms_variable,results/mms_variable,fixed_source,11,enriched,32,3,2241,20.54835230000026,fixed,1200,800,768,,,49.999889595369176,50.0000017191763,0.0031088534492264217,0.010362844236902865,0.017840184744351006,-0.00011212380712777303,0.0003737460023414011,0.0026953175991985094,0.23460077064778476,True,0.0031084245355756414,,,,,,,Benchmarks/results/mms_variable/pinn_seed11.json
mms_variable,results/mms_variable,fixed_source,23,enriched,32,3,2241,20.208007900000666,fixed,1200,800,768,,,50.00006995591406,50.0000017191763,0.002383156462179038,0.007943854418700585,0.016114050967193094,6.823673775357975e-05,0.0002274557794773796,0.00053597298206556,0.21896235871954134,True,0.002382571535575564,,,,,,,Benchmarks/results/mms_variable/pinn_seed23.json
mms_variable,results/mms_variable,fixed_source,37,enriched,32,3,2241,19.193394000001717,fixed,1200,800,768,,,50.00096183002786,50.0000017191763,0.00441730509767702,0.014724349481798309,0.029377949583931695,0.0009601108515582268,0.0032003693217941193,0.003017338914032858,0.27935984210733705,True,0.0044167647372822475,,,,,,,Benchmarks/results/mms_variable/pinn_seed37.json
xlpe_backfill,results/xlpe_backfill,fixed_source,11,enriched,32,3,2241,280.67076950000774,fixed,1200,800,2283,,,37.82403694030411,33.528071182338174,0.824103366603965,6.0918024121567935,3.5682770295305275,4.295965757965938,31.75593697033925,114.69059630394192,5.947397149480298,False,,,,,,,,Benchmarks/results/xlpe_backfill/pinn_seed11.json
xlpe_backfill,results/xlpe_backfill,fixed_source,23,enriched,32,3,2241,134.88296420000552,fixed,1200,800,2291,,,38.876491293282925,33.528071182338174,0.5749319107906068,4.249917841511803,4.610890864485754,5.348420110944751,39.535718276878086,47.77144858427372,4.089247822119436,False,,,,,,,,Benchmarks/results/xlpe_backfill/pinn_seed23.json
xlpe_backfill,results/xlpe_backfill,fixed_source,37,enriched,32,3,2241,94.5441395000089,fixed,1200,800,2285,,,38.38873374155163,33.528071182338174,0.4261039110029428,3.149775790352513,4.128633387629357,4.860662559213459,35.93019650546626,76.27421923585092,4.531468052887029,False,,,,,,,,Benchmarks/results/xlpe_backfill/pinn_seed37.json
xlpe_dry_far,results/xlpe_dry_far,fixed_source,11,enriched,32,3,2241,117.02064440000686,fixed,1200,800,2283,,,36.30330563108736,36.89473807841665,0.6692493289307714,3.961288572953671,1.4062252336620418,-0.5914324473292893,3.5006902420396533,95.17106385604788,0.6156303300710995,False,,,,,,,,Benchmarks/results/xlpe_dry_far/pinn_seed11.json
xlpe_dry_far,results/xlpe_dry_far,fixed_source,23,enriched,32,3,2241,96.57742359999975,fixed,1200,800,2291,,,36.31801296089252,36.89473807841665,0.6358486252518514,3.763589718293177,1.319416045940116,-0.5767251175241341,3.413637517475997,90.94790168195253,0.5928073872968973,False,,,,,,,,Benchmarks/results/xlpe_dry_far/pinn_seed23.json
xlpe_dry_far,results/xlpe_dry_far,fixed_source,37,enriched,32,3,2241,101.54260320001049,fixed,1200,800,2285,,,36.28692214043156,36.89473807841665,0.6972539904570402,4.127048239639746,1.4723265483802592,-0.6078159379850945,3.597664167173985,96.45384746279223,0.6326499455421579,False,,,,,,,,Benchmarks/results/xlpe_dry_far/pinn_seed37.json
xlpe_dry_large,results/xlpe_dry_large,fixed_source,11,enriched,32,3,2241,115.32168300000194,fixed,1200,800,2283,,,35.68544761069968,44.86053285882778,0.7169352026848487,2.8838287849903046,7.576143394131261,-9.175085248128099,36.90622924387599,63.05108310790399,1.7023917628777192,False,,,,,,,,Benchmarks/results/xlpe_dry_large/pinn_seed11.json
xlpe_dry_large,results/xlpe_dry_large,fixed_source,23,enriched,32,3,2241,117.62030120000418,fixed,1200,800,2291,,,35.682262990184896,44.86053285882778,0.6685548595799051,2.689221761159904,7.584404439045706,-9.178269868642886,36.91903918858985,56.9554516136875,1.1442697529770207,False,,,,,,,,Benchmarks/results/xlpe_dry_large/pinn_seed23.json
xlpe_dry_large,results/xlpe_dry_large,fixed_source,37,enriched,32,3,2241,152.7453300000052,fixed,1200,800,2285,,,35.68495854986526,44.86053285882778,0.648099583711747,2.6069416427717957,7.584942987039689,-9.175574308962524,36.908196461703554,10.383719854741477,1.3553575926468986,False,,,,,,,,Benchmarks/results/xlpe_dry_large/pinn_seed37.json
xlpe_dry_near,results/xlpe_dry_near,fixed_source,11,enriched,32,3,2241,142.42257579999568,fixed,1200,800,2283,,,34.850948796230085,42.87478267062006,0.47280259666013325,2.0669162346507974,6.449275375750531,-8.023833874389972,35.07720265554975,25.56023816828428,1.4806577354664987,False,,,,,,,,Benchmarks/results/xlpe_dry_near/pinn_seed11.json
xlpe_dry_near,results/xlpe_dry_near,fixed_source,23,enriched,32,3,2241,133.77442980000342,fixed,1200,800,2291,,,34.52260859209745,42.87478267062006,0.7473832225884777,3.267280102068042,6.76374368413779,-8.352174078522609,36.51258330532681,91.86971640853989,0.8720366195433646,False,,,,,,,,Benchmarks/results/xlpe_dry_near/pinn_seed23.json
xlpe_dry_near,results/xlpe_dry_near,fixed_source,37,enriched,32,3,2241,110.11659829999553,fixed,1200,800,2285,,,34.825521106250264,42.87478267062006,0.5282944105010807,2.309505703761777,6.4805468105793835,-8.049261564369793,35.1883630121134,40.27414550333741,1.009317948764669,False,,,,,,,,Benchmarks/results/xlpe_dry_near/pinn_seed37.json
xlpe_single,results/xlpe_single,fixed_source,11,enriched,32,3,2241,50.44463650000398,fixed,1200,800,1515,,,36.22036997049374,36.85850363541242,0.6808175973168774,4.038422460501028,1.569539523776065,-0.6381336649186764,3.7852331305266844,90.51663766941986,0.5613318566787844,False,,,,,,,,Benchmarks/results/xlpe_single/pinn_seed11.json
xlpe_single,results/xlpe_single,fixed_source,23,enriched,32,3,2241,49.909505099989474,fixed,1200,800,1523,,,36.23244672251945,36.85850363541242,0.6391438483062398,3.7912252601332614,1.4801584873190414,-0.6260569128929703,3.713597163973057,84.80299450839243,0.5369987844499682,False,,,,,,,,Benchmarks/results/xlpe_single/pinn_seed23.json
xlpe_single,results/xlpe_single,fixed_source,37,enriched,32,3,2241,50.56874200000311,fixed,1200,800,1517,,,36.22222151383962,36.85850363541242,0.6581561334352937,3.9040008987084267,1.5610183680353558,-0.6362821215727976,3.7742502853945132,86.96778850055101,0.5550425689964478,False,,,,,,,,Benchmarks/results/xlpe_single/pinn_seed37.json
annulus,verification_final/annulus,fixed_source,11,enriched,32,3,2209,67.81906320000417,fixed,1200,800,768,,,49.57563217055082,49.57520070474279,0.0002372179303700148,0.0008020839240897312,0.0027739270768165625,0.0004314658080275535,0.0014588770244874857,9.366170072453029e-05,6.745486816119462e-05,True,0.00017844495351026005,,,,,,,Benchmarks/verification_final/annulus/pinn_seed11.json
annulus,verification_final/annulus,fixed_source,23,enriched,32,3,2209,33.44320689998858,fixed,1200,800,768,,,49.57554195324806,49.57520070474279,0.000153637128519273,0.0005194795803858574,0.002464430271352569,0.00034124850527206263,0.0011538332695653988,3.667858094529009e-05,7.131250011747288e-06,True,7.164402230869173e-06,,,,,,,Benchmarks/verification_final/annulus/pinn_seed23.json
annulus,verification_final/annulus,fixed_source,37,enriched,32,3,2209,65.17032319999998,fixed,1200,800,768,,,49.57568926299968,49.57520070474279,0.0005133250607299587,0.0017356604469218023,0.003544044613839503,0.0004885582568903146,0.0016519186522780472,0.0007678755225797526,0.00012813230954570115,True,0.0004864472814561419,,,,,,,Benchmarks/verification_final/annulus/pinn_seed37.json
mms_constant,verification_final/mms_constant,fixed_source,11,enriched,32,3,2241,99.80642940000689,fixed,1200,800,768,,,49.9999583155431,50.00000169302059,0.0019125108463485115,0.006375035794726143,0.014108808383195282,-4.337747749616483e-05,0.0001445915834939985,0.001810048472326759,0.13021337895653934,True,0.001912406262970618,,,,,,,Benchmarks/verification_final/mms_constant/pinn_seed11.json
mms_constant,verification_final/mms_constant,fixed_source,23,enriched,32,3,2241,85.8405466999975,fixed,1200,800,768,,,49.99941200229679,50.00000169302059,0.0031489529305982846,0.010496509176300742,0.01709146575404219,-0.0005896907237996629,0.001965635635070156,0.0030966247860320074,0.1380166919962923,True,0.003148966699339017,,,,,,,Benchmarks/verification_final/mms_constant/pinn_seed23.json
mms_constant,verification_final/mms_constant,fixed_source,37,enriched,32,3,2241,86.16670250000607,fixed,1200,800,768,,,50.00095892785095,50.00000169302059,0.002857536030965017,0.009525119565675939,0.016763220929529865,0.0009572348303592548,0.003190782587795495,0.0014477483855538736,0.1371813619032439,True,0.0028566954626118033,,,,,,,Benchmarks/verification_final/mms_constant/pinn_seed37.json
mms_high_contrast,verification_final/mms_high_contrast,fixed_source,11,enriched,32,3,2241,62.9361968000012,fixed,1200,800,768,,,49.99922642536868,50.0000020011561,0.0032391292240819248,0.010797096693383886,0.022855255539525388,-0.0007755757874150504,0.0025852524522670443,0.007045794477283115,0.979120939361229,True,0.0032386027194987706,,,,,,,Benchmarks/verification_final/mms_high_contrast/pinn_seed11.json
mms_high_contrast,verification_final/mms_high_contrast,fixed_source,23,enriched,32,3,2241,62.44850480000605,fixed,1200,800,768,,,49.999761818797964,50.0000020011561,0.0016962000818647727,0.005653999895731363,0.010865133946403205,-0.00024018235813372257,0.0008006078070410354,0.002394541437970853,0.7574740259075042,True,0.0016955554189545799,,,,,,,Benchmarks/verification_final/mms_high_contrast/pinn_seed23.json
mms_high_contrast,verification_final/mms_high_contrast,fixed_source,37,enriched,32,3,2241,62.466052299991134,fixed,1200,800,768,,,50.000945753142894,50.0000020011561,0.0027497984298656387,0.009165994154799292,0.019127188869756395,0.0009437519867958599,0.00314583974614232,0.0017636514386139923,0.6192547860237415,True,0.0027491021777657646,,,,,,,Benchmarks/verification_final/mms_high_contrast/pinn_seed37.json
mms_interface,verification_final/mms_interface,fixed_source,11,enriched,32,3,4482,133.5633031000034,fixed,1200,800,768,,,32.49533958285904,32.5,0.0022003243594650303,0.017602594875720242,0.010823128239366042,-0.004660417140961215,0.03728333712768972,0.007668871040409709,0.1261609373699341,True,0.0022003165403935232,,,,,,,Benchmarks/verification_final/mms_interface/pinn_seed11.json
mms_interface,verification_final/mms_interface,fixed_source,23,enriched,32,3,4482,130.80515869999363,fixed,1200,800,768,,,32.49481834836753,32.5,0.0023071567047419656,0.018457253637935725,0.011044564642084254,-0.0051816516324691975,0.04145321305975358,0.0038861340693602214,0.12542791500587208,True,0.0023072257744147905,,,,,,,Benchmarks/verification_final/mms_interface/pinn_seed23.json
mms_interface,verification_final/mms_interface,fixed_source,37,enriched,32,3,4482,130.6527969000017,fixed,1200,800,768,,,32.49612863658716,32.5,0.0029585176033942212,0.02366814082715377,0.016522987768297526,-0.0038713634128413332,0.030970907302730666,0.0043581596361190605,0.13054941773618162,True,0.0029586186899583805,,,,,,,Benchmarks/verification_final/mms_interface/pinn_seed37.json
mms_layered_y,verification_final/mms_layered_y,fixed_source,11,enriched,32,3,4482,107.10870529999374,fixed,1200,800,768,,,32.49108639718929,32.5,0.004206107553870257,0.03364886043096205,0.01698822325479199,-0.008913602810707744,0.07130882248566195,0.004844383549199974,0.15210910372863376,True,0.0042060620975302,,,,,,,Benchmarks/verification_final/mms_layered_y/pinn_seed11.json
mms_layered_y,verification_final/mms_layered_y,fixed_source,23,enriched,32,3,4482,105.06437520000327,fixed,1200,800,768,,,32.497566282870466,32.5,0.0026930571354305674,0.021544457083444536,0.016094565785941484,-0.0024337171295343296,0.019469737036274637,0.004297141375774018,0.13557114760074965,True,0.002693092566735922,,,,,,,Benchmarks/verification_final/mms_layered_y/pinn_seed23.json
mms_layered_y,verification_final/mms_layered_y,fixed_source,37,enriched,32,3,4482,106.45244179999281,fixed,1200,800,768,,,32.497651984463715,32.5,0.0023143564819853293,0.018514851855882634,0.014687848176755836,-0.00234801553628472,0.01878412429027776,0.0035402435328491496,0.10085173844687956,True,0.0023143371571568232,,,,,,,Benchmarks/verification_final/mms_layered_y/pinn_seed37.json
mms_robin,verification_final/mms_robin,fixed_source,11,enriched,32,3,2241,48.03943370000343,fixed,1200,800,768,,,34.99974922276094,35.00000425492197,0.0011822184805696753,0.0078814543014663,0.005672651386980476,-0.00025503216102862325,0.0017002139245723164,0.00038900588797395765,0.024956862004771596,True,0.0011822187702074472,,,,,,,Benchmarks/verification_final/mms_robin/pinn_seed11.json
mms_robin,verification_final/mms_robin,fixed_source,23,enriched,32,3,2241,52.32372889999533,fixed,1200,800,768,,,34.99989455354519,35.00000425492197,0.0004732217881428335,0.0031548110260539073,0.002773862806030536,-0.00010970137677901448,0.0007313423044064673,0.0015544957722902887,0.027180561799171367,True,0.000473195679752666,,,,,,,Benchmarks/verification_final/mms_robin/pinn_seed23.json
mms_robin,verification_final/mms_robin,fixed_source,37,enriched,32,3,2241,49.3373930999951,fixed,1200,800,768,,,34.99971204917028,35.00000425492197,0.000772566630067219,0.005150442739465996,0.004076329584666638,-0.0002922057516911991,0.001948037792024741,0.00010975780666752953,0.019011917789464507,True,0.0007725331989331258,,,,,,,Benchmarks/verification_final/mms_robin/pinn_seed37.json
mms_smooth_2d,verification_final/mms_smooth_2d,fixed_source,11,enriched,32,3,2241,51.700866999992286,fixed,1200,800,768,,,50.000085595986185,50.00000182863512,0.00214326828956989,0.007144227196426808,0.013462886269785201,8.376735106452315e-05,0.0002792244865284204,0.004669911220851472,0.22168042352734893,True,0.002143359049441536,,,,,,,Benchmarks/verification_final/mms_smooth_2d/pinn_seed11.json
mms_smooth_2d,verification_final/mms_smooth_2d,fixed_source,23,enriched,32,3,2241,52.54883859999245,fixed,1200,800,768,,,50.001502288193535,50.00000182863512,0.002342608584222165,0.007808694804765431,0.01730276387430152,0.0015004595584144909,0.005001531556515761,0.0038416472230077612,0.20895910201669382,True,0.0023425887492480695,,,,,,,Benchmarks/verification_final/mms_smooth_2d/pinn_seed23.json
mms_smooth_2d,verification_final/mms_smooth_2d,fixed_source,37,enriched,32,3,2241,51.92858510000224,fixed,1200,800,768,,,49.999893094692524,50.00000182863512,0.00410537927546458,0.013684596750744127,0.028962770090164014,-0.00010873394259647284,0.00036244645322883233,3.4562668922433184e-05,0.12176613633254293,True,0.004105350055705619,,,,,,,Benchmarks/verification_final/mms_smooth_2d/pinn_seed37.json
mms_variable,verification_final/mms_variable,fixed_source,11,enriched,32,3,2241,71.88942690000113,fixed,1200,800,768,,,49.999889595369176,50.0000017191763,0.0031088534492264217,0.010362844236902865,0.017840184744351006,-0.00011212380712777303,0.0003737460023414011,0.0026953175991985094,0.2346007706477846,True,0.0031084245355756414,,,,,,,Benchmarks/verification_final/mms_variable/pinn_seed11.json
mms_variable,verification_final/mms_variable,fixed_source,23,enriched,32,3,2241,74.82811370000127,fixed,1200,800,768,,,50.00006995591406,50.0000017191763,0.002383156462179038,0.007943854418700585,0.016114050967193094,6.823673775357975e-05,0.0002274557794773796,0.00053597298206556,0.21896235871954184,True,0.002382571535575564,,,,,,,Benchmarks/verification_final/mms_variable/pinn_seed23.json
mms_variable,verification_final/mms_variable,fixed_source,37,enriched,32,3,2241,75.13577809999697,fixed,1200,800,768,,,50.00096183002786,50.0000017191763,0.00441730509767702,0.014724349481798309,0.029377949583931695,0.0009601108515582268,0.0032003693217941193,0.003017338914032858,0.2793598421073372,True,0.0044167647372822475,,,,,,,Benchmarks/verification_final/mms_variable/pinn_seed37.json
